company,text,created_at,Date,Positive,Negative,Neutral,Surprise,Joy,Anger,Fear,Sadness,Disgust,Emotion Confidence,Intent Sentiment,Confidence
AXON,"Sat, Jan 01: Axon is LONG #Bitcoin 🚀 | Confidence 36.54% 🎯",2022-01-01 00:01:40,2022/01/01,0.084056661,0.036461137,0.87948221,0.071075999,0.437727996,0.031572826,0.443756247,0.014648961,0.001217971,0.443683091,Buy,0.77686984
ANSS,@Kurtjurgen_NFT Mate you shouldnt feel baffled! Your work stands out anss always will 🙏🏻🙏🏻,2022-01-01 00:02:00,2022/01/01,0.252397716,0.016830729,0.730771601,0.396482189,0.003715274,0.071584045,0.516140772,0.010586574,0.001491146,0.750499321,Neutral,0.19673467
CRWD,Finfluencer Richard Chu (68.8k follower) most mentioned symbols (14D):  1st $CRWD 1 2nd $CVNA 1 3rd $DDOG 1 4th $GDRX 1 5th $CDLX 1   @richard_chu97 https://t.co/nI3Z4cWfWN,2022-01-01 00:03:35,2022/01/01,0.035407312,0.031017691,0.933574975,0.309060657,0.447099597,0.177973941,0.023962708,0.039455838,0.002447258,0.579940274,Neutral,0.19673467
CRWD,Finfluencer Richard Chu (68.8k follower) most mentioned symbols (14D):  1st $CRWD 1 2nd $CVNA 1 3rd $DDOG 1 4th $GDRX 1 5th $CDLX 1   @richard_chu97 https://t.co/nI3Z4cWfWN,2022-01-01 00:03:35,2022/01/01,0.035407312,0.031017691,0.933574975,0.309060657,0.447099597,0.177973941,0.023962708,0.039455838,0.002447258,0.579940274,Neutral,0.19673467
CSX,🔴🔴  You are invited to test drive TradeIdeas PREMIUM features for 2 weeks!  ‍🙋‍♀️  via ⟶ https://t.co/31AoVqi1aS   📊 $EPD $ALLK $AEO $ORC $EBAY $JWN $TGT $BBY $EXPR $HBI $MARA $BKKT $CVS $FCEL $NIO $DIDI $TLRY $CSCO $AMAT $ABBV $PG $CSX $MDLZ $EXC $CERN $JNPR $HUN https://t.co/fVl3sL6WY0,2022-01-01 00:05:03,2022/01/01,0.125405133,0.012324807,0.862270057,0.178493691,0.725923617,0.062360616,0.016024084,0.016462105,0.000735887,0.864018839,Neutral,0.19673467
CSCO,🔴🔴  You are invited to test drive TradeIdeas PREMIUM features for 2 weeks!  ‍🙋‍♀️  via ⟶ https://t.co/31AoVqi1aS   📊 $EPD $ALLK $AEO $ORC $EBAY $JWN $TGT $BBY $EXPR $HBI $MARA $BKKT $CVS $FCEL $NIO $DIDI $TLRY $CSCO $AMAT $ABBV $PG $CSX $MDLZ $EXC $CERN $JNPR $HUN https://t.co/fVl3sL6WY0,2022-01-01 00:05:03,2022/01/01,0.125405133,0.012324807,0.862270057,0.178493691,0.725923617,0.062360616,0.016024084,0.016462105,0.000735887,0.864018839,Neutral,0.19673467
CSX,🔴🔴  You are invited to test drive TradeIdeas PREMIUM features for 2 weeks!  ‍🙋‍♀️  via ⟶ https://t.co/31AoVqi1aS   📊 $EPD $ALLK $AEO $ORC $EBAY $JWN $TGT $BBY $EXPR $HBI $MARA $BKKT $CVS $FCEL $NIO $DIDI $TLRY $CSCO $AMAT $ABBV $PG $CSX $MDLZ $EXC $CERN $JNPR $HUN https://t.co/fVl3sL6WY0,2022-01-01 00:05:03,2022/01/01,0.125405133,0.012324807,0.862270057,0.178493691,0.725923617,0.062360616,0.016024084,0.016462105,0.000735887,0.864018839,Neutral,0.19673467
GOOG,$goog broke the uptrend. Now moving sideways. https://t.co/GGtJ4mXVaO,2022-01-01 00:14:09,2022/01/01,0.083808966,0.166252464,0.749938548,0.463218209,0.083590795,0.138232966,0.244345895,0.066950882,0.003661252,0.389764663,Neutral,0.19673467
AVGO,@Investingcom MicroChips are the new gold! $avgo,2022-01-01 00:20:10,2022/01/01,0.135475457,0.0109643,0.853560328,0.290524213,0.690886413,0.007567436,0.002067116,0.008692615,0.000262208,0.624595517,Neutral,0.19673467
CRWD,"My top 10 winners for 2021(pure $ amounts, not %, some were traded several x):  $SI $DLO $FUTU $FRHC $ENPH $GLBE $CRWD $UPST $UPWK $TSLA   Best trade of 2021  $BTC 13.8k&gt;54-55k in 6mo 298%  - a shit ton of mistakes, mostly mental. Fixing the C game will take me to another level.",2022-01-01 00:31:33,2022/01/01,0.083800606,0.048399955,0.867799461,0.155057634,0.323800156,0.219303101,0.044010247,0.248313493,0.009515369,0.569630781,Buy,0.39346934
CRWD,"My top 10 winners for 2021(pure $ amounts, not %, some were traded several x):  $SI $DLO $FUTU $FRHC $ENPH $GLBE $CRWD $UPST $UPWK $TSLA   Best trade of 2021  $BTC 13.8k&gt;54-55k in 6mo 298%  - a shit ton of mistakes, mostly mental. Fixing the C game will take me to another level.",2022-01-01 00:31:33,2022/01/01,0.083800606,0.048399955,0.867799461,0.155057634,0.323800156,0.219303101,0.044010247,0.248313493,0.009515369,0.569630781,Buy,0.39346934
DDOG,"Fastly went on a 7-Month Wave 1 with $DDOG in 2020 and is ending Wave 2 at the 78.6% fib. $DDOG may be a leading indicator of $FSLY's future Wave 3 breakout if it holds 25  $TWLO &amp; $OKTA can help time the Software rotation. Above 216 &amp; 185, they can see 700 &amp; 400 in mid-late 2022 https://t.co/ZTsuFu3fIO",2022-01-01 00:36:02,2022/01/01,0.26428467,0.013567066,0.722148299,0.343338346,0.570330005,0.038464708,0.022921143,0.021608457,0.003337341,0.456229604,Hold,0.517913227
DDOG,"Fastly went on a 7-Month Wave 1 with $DDOG in 2020 and is ending Wave 2 at the 78.6% fib. $DDOG may be a leading indicator of $FSLY's future Wave 3 breakout if it holds 25  $TWLO &amp; $OKTA can help time the Software rotation. Above 216 &amp; 185, they can see 700 &amp; 400 in mid-late 2022 https://t.co/ZTsuFu3fIO",2022-01-01 00:36:02,2022/01/01,0.26428467,0.013567066,0.722148299,0.343338346,0.570330005,0.038464708,0.022921143,0.021608457,0.003337341,0.456229604,Hold,0.517913227
AEP,"American Electric Power Company, Inc current quarter revenue growth YoY of 13.70% ranked 2208 out of 5682 companies in our database.   👉 https://t.co/SqGh2CBHJe $AEP  🚀🚀🚀🚀🚀 https://t.co/EReidkfUAJ",2022-01-01 00:40:06,2022/01/01,0.253885031,0.023155332,0.722959638,0.2561907,0.546959094,0.100773589,0.051838504,0.039713679,0.004524433,0.637476401,Buy,0.39346934
CDW,"How is $gold's secular trend doing? In $CDW, gold is up 19 of the last 21 years, with only 2013 &amp; 2021 being down years, which were also years dominated by bubble hype and false recovery narratives. The $SPX bubble goes into year 14 in 2022. A LONG  bubble by historic standards. https://t.co/Gb0epQDELU",2022-01-01 00:42:18,2022/01/01,0.245430112,0.076749213,0.677820683,0.551494821,0.102302815,0.2746366,0.031898747,0.036225605,0.003441411,0.361123421,Buy,0.77686984
CHTR,$CHTR high OI range is 600.00 to 650.00 for option expiration 12/31/2021 PutCallRatio=0.55 #maxpain #options https://t.co/Gs31Bd0Tjx https://t.co/2DpSifJhjb,2022-01-01 00:43:09,2022/01/01,0.019450409,0.068980239,0.911569417,0.007361666,0.352600822,0.327875324,0.057153558,0.254043943,0.000964686,0.381347511,Neutral,0.19673467
ZS,"Current holdings: $MNDY 26.2% $DDOG 20.6% $S 19.1% $BILL 17.5% $UPST 9% $ZS 7.7%  Watchlist:  $NET, $SNOW, $AMPL, $ZI, $AFRM.  Thank you @InvestiAnalyst @investing_bear @GauchoRico @StockNovice @jonwayne235 @xponentialdave for your great insights along the way!",2022-01-01 00:51:32,2022/01/01,0.172521532,0.011366234,0.81611222,0.045112962,0.854036691,0.017961504,0.072772693,0.009743622,0.000372527,0.968000568,Buy,0.736263271
BKNG,$BKNG Implied Volatility expiration 12/31/2021 #maxpain #options https://t.co/0VmkA3eq4y https://t.co/XLH3SLZe0E,2022-01-01 00:51:45,2022/01/01,0.020532338,0.065960959,0.913506746,0.007612162,0.367495704,0.291040204,0.158212543,0.174435641,0.001203746,0.623397725,Neutral,0.19673467
ADBE,🥳WEEKEND VIDEO 1/2: https://t.co/7io5RfdrA1  $VIX $TLT $SMH $NVDA $BTC_F $ETH_F $DXY $GLD $CL_F $XLE $SPY $IWM $DIA $QQQ $XBI $ARKK $AAPL $BBY $TSLA $GOOGL $MSFT $ORCL $ADBE $ADSK $CRM $INTU $PANW $FB $AMZN $NFLX $RBLX $RCL #stocks #stockmarket #bitcoin #ethereum #cryptocurrency,2022-01-01 00:53:14,2022/01/01,0.060723253,0.04078611,0.898490667,0.010818217,0.267966174,0.154571427,0.528609322,0.037518565,0.000516296,0.529736479,Neutral,0.19673467
ADBE,🥳WEEKEND VIDEO 1/2: https://t.co/7io5RfdrA1  $VIX $TLT $SMH $NVDA $BTC_F $ETH_F $DXY $GLD $CL_F $XLE $SPY $IWM $DIA $QQQ $XBI $ARKK $AAPL $BBY $TSLA $GOOGL $MSFT $ORCL $ADBE $ADSK $CRM $INTU $PANW $FB $AMZN $NFLX $RBLX $RCL #stocks #stockmarket #bitcoin #ethereum #cryptocurrency,2022-01-01 00:53:14,2022/01/01,0.060723253,0.04078611,0.898490667,0.010818217,0.267966174,0.154571427,0.528609322,0.037518565,0.000516296,0.529736479,Neutral,0.19673467
GOOGL,🥳WEEKEND VIDEO 1/2: https://t.co/7io5RfdrA1  $VIX $TLT $SMH $NVDA $BTC_F $ETH_F $DXY $GLD $CL_F $XLE $SPY $IWM $DIA $QQQ $XBI $ARKK $AAPL $BBY $TSLA $GOOGL $MSFT $ORCL $ADBE $ADSK $CRM $INTU $PANW $FB $AMZN $NFLX $RBLX $RCL #stocks #stockmarket #bitcoin #ethereum #cryptocurrency,2022-01-01 00:53:14,2022/01/01,0.060723253,0.04078611,0.898490667,0.010818217,0.267966174,0.154571427,0.528609322,0.037518565,0.000516296,0.529736479,Neutral,0.19673467
GOOGL,🥳WEEKEND VIDEO 1/2: https://t.co/7io5RfdrA1  $VIX $TLT $SMH $NVDA $BTC_F $ETH_F $DXY $GLD $CL_F $XLE $SPY $IWM $DIA $QQQ $XBI $ARKK $AAPL $BBY $TSLA $GOOGL $MSFT $ORCL $ADBE $ADSK $CRM $INTU $PANW $FB $AMZN $NFLX $RBLX $RCL #stocks #stockmarket #bitcoin #ethereum #cryptocurrency,2022-01-01 00:53:14,2022/01/01,0.060723253,0.04078611,0.898490667,0.010818217,0.267966174,0.154571427,0.528609322,0.037518565,0.000516296,0.529736479,Neutral,0.19673467
ADSK,🥳WEEKEND VIDEO 1/2: https://t.co/7io5RfdrA1  $VIX $TLT $SMH $NVDA $BTC_F $ETH_F $DXY $GLD $CL_F $XLE $SPY $IWM $DIA $QQQ $XBI $ARKK $AAPL $BBY $TSLA $GOOGL $MSFT $ORCL $ADBE $ADSK $CRM $INTU $PANW $FB $AMZN $NFLX $RBLX $RCL #stocks #stockmarket #bitcoin #ethereum #cryptocurrency,2022-01-01 00:53:14,2022/01/01,0.060723253,0.04078611,0.898490667,0.010818217,0.267966174,0.154571427,0.528609322,0.037518565,0.000516296,0.529736479,Neutral,0.19673467
BKNG,Top stocks with TA score trending UP (SP500): $HST $SYK $ALGN $TDG $VLO $ABMD $EXPE $COO $MAR $AVY $BKNG $LYB $ROST $MGM $CDW $ZBH $HPE $MRO $RMD $DVN https://t.co/S59zN18Con,2022-01-01 01:05:00,2022/01/01,0.520329297,0.077282466,0.402388304,0.322356246,0.544123891,0.071658329,0.036168748,0.023175723,0.002517063,0.518435404,Neutral,0.19673467
VRTX,Top stocks with TA score trending DOWN (SP500): $HOLX $CLX $CAG $TMUS $EW $CNC $IRM $PSA $CHD $BIIB $VRTX $INCY $MKTX https://t.co/S59zN18Con,2022-01-01 01:05:00,2022/01/01,0.01174838,0.873434842,0.114816807,0.289741696,0.407899276,0.105222882,0.083660992,0.109565906,0.003909249,0.490388022,Neutral,0.19673467
CDW,Top stocks with TA score trending UP (SP500): $HST $SYK $ALGN $TDG $VLO $ABMD $EXPE $COO $MAR $AVY $BKNG $LYB $ROST $MGM $CDW $ZBH $HPE $MRO $RMD $DVN https://t.co/S59zN18Con,2022-01-01 01:05:00,2022/01/01,0.520329297,0.077282466,0.402388304,0.322356246,0.544123891,0.071658329,0.036168748,0.023175723,0.002517063,0.518435404,Neutral,0.19673467
BIIB,Top stocks with TA score trending DOWN (SP500): $HOLX $CLX $CAG $TMUS $EW $CNC $IRM $PSA $CHD $BIIB $VRTX $INCY $MKTX https://t.co/S59zN18Con,2022-01-01 01:05:00,2022/01/01,0.01174838,0.873434842,0.114816807,0.289741696,0.407899276,0.105222882,0.083660992,0.109565906,0.003909249,0.490388022,Neutral,0.19673467
CSX,"$CSX's price moved above its 50-day Moving Average on December 21, 2021. View odds for this and other indicators: https://t.co/RtnRjWoKW1 #CSX #stockmarket #stock https://t.co/daly2bl0kM",2022-01-01 01:10:12,2022/01/01,0.102005467,0.025180107,0.872814417,0.021856666,0.341059091,0.076098669,0.522201776,0.038045249,0.000738549,0.486933196,Neutral,0.632120559
CSX,"$CSX's price moved above its 50-day Moving Average on December 21, 2021. View odds for this and other indicators: https://t.co/RtnRjWoKW1 #CSX #stockmarket #stock https://t.co/daly2bl0kM",2022-01-01 01:10:12,2022/01/01,0.102005467,0.025180107,0.872814417,0.021856666,0.341059091,0.076098669,0.522201776,0.038045249,0.000738549,0.486933196,Neutral,0.632120559
AVGO,These Stocks Tend To Raise Their Dividends Quarterly $AMT $MAA $UNP $AVGO $CHRW https://t.co/JgdIUsSHey,2022-01-01 01:13:36,2022/01/01,0.263644785,0.284540415,0.451814801,0.272629436,0.197780486,0.369544869,0.059199727,0.093575466,0.007270017,0.669538403,Neutral,0.19673467
ASML,The Extreme Engineering of ASML’s EUV Light Source https://t.co/Sxj4MOAPjS,2022-01-01 01:17:04,2022/01/01,0.175588608,0.011789862,0.812621593,0.351262421,0.46879812,0.086818807,0.054172292,0.028802289,0.01014607,0.480007124,Neutral,0.19673467
ABNB,Q4 2021 13F: $GOOG $MSFT $AMZN $CNSWF $TMO $BLDR $AAPL $SPOT $KKR $COST $TEAM $DHR $SPGI $UNH $ABNB $ODFL $LIN $LOW $LVMUY $MA $COF $U $PG $ACN $ABBV $ORLY $F $TDG $JPM $UHAL $KLAC $LRCX $AMAT $ASML $ASMIY https://t.co/bk6EF89BNO,2022-01-01 01:17:55,2022/01/01,0.418117613,0.058987346,0.522895098,0.383230241,0.345060332,0.199768574,0.039816546,0.029982852,0.002141456,0.285836771,Sell,0.632120559
COST,Q4 2021 13F: $GOOG $MSFT $AMZN $CNSWF $TMO $BLDR $AAPL $SPOT $KKR $COST $TEAM $DHR $SPGI $UNH $ABNB $ODFL $LIN $LOW $LVMUY $MA $COF $U $PG $ACN $ABBV $ORLY $F $TDG $JPM $UHAL $KLAC $LRCX $AMAT $ASML $ASMIY https://t.co/bk6EF89BNO,2022-01-01 01:17:55,2022/01/01,0.418117613,0.058987346,0.522895098,0.383230241,0.345060332,0.199768574,0.039816546,0.029982852,0.002141456,0.285836771,Sell,0.632120559
ABNB,Q4 2021 13F: $GOOG $MSFT $AMZN $CNSWF $TMO $BLDR $AAPL $SPOT $KKR $COST $TEAM $DHR $SPGI $UNH $ABNB $ODFL $LIN $LOW $LVMUY $MA $COF $U $PG $ACN $ABBV $ORLY $F $TDG $JPM $UHAL $KLAC $LRCX $AMAT $ASML $ASMIY https://t.co/bk6EF89BNO,2022-01-01 01:17:55,2022/01/01,0.418117613,0.058987346,0.522895098,0.383230241,0.345060332,0.199768574,0.039816546,0.029982852,0.002141456,0.285836771,Sell,0.632120559
GOOG,Q4 2021 13F: $GOOG $MSFT $AMZN $CNSWF $TMO $BLDR $AAPL $SPOT $KKR $COST $TEAM $DHR $SPGI $UNH $ABNB $ODFL $LIN $LOW $LVMUY $MA $COF $U $PG $ACN $ABBV $ORLY $F $TDG $JPM $UHAL $KLAC $LRCX $AMAT $ASML $ASMIY https://t.co/bk6EF89BNO,2022-01-01 01:17:55,2022/01/01,0.418117613,0.058987346,0.522895098,0.383230241,0.345060332,0.199768574,0.039816546,0.029982852,0.002141456,0.285836771,Sell,0.632120559
ASML,Q4 2021 13F: $GOOG $MSFT $AMZN $CNSWF $TMO $BLDR $AAPL $SPOT $KKR $COST $TEAM $DHR $SPGI $UNH $ABNB $ODFL $LIN $LOW $LVMUY $MA $COF $U $PG $ACN $ABBV $ORLY $F $TDG $JPM $UHAL $KLAC $LRCX $AMAT $ASML $ASMIY https://t.co/bk6EF89BNO,2022-01-01 01:17:55,2022/01/01,0.418117613,0.058987346,0.522895098,0.383230241,0.345060332,0.199768574,0.039816546,0.029982852,0.002141456,0.285836771,Sell,0.632120559
AMZN,Q4 2021 13F: $GOOG $MSFT $AMZN $CNSWF $TMO $BLDR $AAPL $SPOT $KKR $COST $TEAM $DHR $SPGI $UNH $ABNB $ODFL $LIN $LOW $LVMUY $MA $COF $U $PG $ACN $ABBV $ORLY $F $TDG $JPM $UHAL $KLAC $LRCX $AMAT $ASML $ASMIY https://t.co/bk6EF89BNO,2022-01-01 01:17:55,2022/01/01,0.418117613,0.058987346,0.522895098,0.383230241,0.345060332,0.199768574,0.039816546,0.029982852,0.002141456,0.285836771,Sell,0.632120559
VRTX,1/2 - ARK Funds Biggest holdings - Dec 31 2021 -   $TSLA $TDOC $COIN $ROKU $U $PATH $ZM $EXAS $TWLO $SHOP $SPOT $NTLA $TWTR $BEAM $CRSP $PLTR $FATE $PACB $DKNG $SQ $SQ $DNA $TRMB $NVTA $IRDM $TXG $DOCU $TWST $HOOD $GBTC $VCYT $Z $PD $TSP $SGFY $VRTX $IONS $CDNA $IOV https://t.co/JKMYeqkpBN,2022-01-01 01:28:13,2022/01/01,0.291081518,0.034762036,0.674156427,0.25006156,0.46337566,0.160320744,0.061771452,0.059808809,0.004661775,0.553297047,Neutral,0.19673467
DDOG,"$DDOG enters an Uptrend as Momentum Indicator exceeded the 0 level on December 23, 2021. View odds for this and other indicators: https://t.co/6b8hbkPElD #Datadog https://t.co/4F9LntWwNM",2022-01-01 01:28:57,2022/01/01,0.045573518,0.84103775,0.113388747,0.161836348,0.331026576,0.131248204,0.330958378,0.043376404,0.00155409,0.673519794,Buy,0.432332358
DDOG,"$DDOG enters an Uptrend as Momentum Indicator exceeded the 0 level on December 23, 2021. View odds for this and other indicators: https://t.co/6b8hbkPElD #Datadog https://t.co/4F9LntWwNM",2022-01-01 01:28:57,2022/01/01,0.045573518,0.84103775,0.113388747,0.161836348,0.331026576,0.131248204,0.330958378,0.043376404,0.00155409,0.673519794,Buy,0.432332358
AXON,"On behalf of axon wishing you all a very happy and prosperous new year 2022 @ Chennai, India https://t.co/swXSIuATWP",2022-01-01 01:33:33,2022/01/01,0.186868638,0.010045236,0.803086102,0.025885223,0.944888242,0.004380971,0.001881422,0.022652429,0.000311713,0.997358888,Neutral,0.19673467
COST,Best performing large-cap stocks this week. Full reports at: https://t.co/DmsDO8RPRd $EXC $TGT $HD $SBUX $WMT $LOW $WBA $COST $ALL https://t.co/lOI9I1pTM8,2022-01-01 01:48:51,2022/01/01,0.064151928,0.080925681,0.854922414,0.333999433,0.562301416,0.056092294,0.016630162,0.029182913,0.001793782,0.519849911,Sell,0.432332358
BIIB,"This new years eve, we found 26 dojis: $AEE, $AKAM, $ALL, $BIIB, $BLK, $CHKP, $DFS, $DTE, $EOG, $FRT, $GE, $GPN, $IPGP, $JKHY, $JPM, $KEYS, $MCD, $MCO, $MMM, $PAYX, $PNC, $ROST, $TRV, $V, $WLTW, $ZBRA  Best of luck in the new year!  For details: https://t.co/32t7J9tc0N",2022-01-01 01:49:18,2022/01/01,0.091756746,0.015985008,0.892258286,0.194057084,0.748487643,0.020551521,0.00986996,0.024005649,0.003028142,0.772674477,Neutral,0.19673467
COST,TGIF but Tomorrow is a new year and it’s gonna be better than 2021. 🚀👽☃️ $TSLA $AAPL $AMZN $AMD $MSFT $COST $NVDA $LULU $RIDE $NKLA $FSR $RIVN $LCID $NIO NFA 🤡,2022-01-01 02:00:53,2022/01/01,0.498615533,0.031360339,0.470024168,0.065071005,0.754573957,0.063378739,0.043794106,0.068157432,0.005024761,0.975545704,Neutral,0.19673467
ADBE,Stocks that I think will return &gt;25-30% from today’s prices in 2022: $AMZN 3334 $FB 336 $SQ 161 $SOFI 15 $PLTR 18 $ADBE 575 $NIO 31 $MU 93 $RBLX 102,2022-01-01 02:04:07,2022/01/01,0.537047982,0.036771197,0.42618081,0.245146218,0.630837533,0.065011989,0.013696503,0.043297593,0.002010164,0.596252551,Buy,0.39346934
ADBE,Stocks that I think will return &gt;25-30% from today’s prices in 2022: $AMZN 3334 $FB 336 $SQ 161 $SOFI 15 $PLTR 18 $ADBE 575 $NIO 31 $MU 93 $RBLX 102,2022-01-01 02:04:07,2022/01/01,0.537047982,0.036771197,0.42618081,0.245146218,0.630837533,0.065011989,0.013696503,0.043297593,0.002010164,0.596252551,Buy,0.39346934
GOOG,Top 10 SaaS stock of the year by ytd return. $ASAN $MNDY $BILL $DDOG $NET $CFLT $NEWR $HUBS $GOOG $TEAM https://t.co/XKEyIAerWg,2022-01-01 02:07:09,2022/01/01,0.071654715,0.033324622,0.895020664,0.372248009,0.409559335,0.175393263,0.024861657,0.017091889,0.000845847,0.375351995,Neutral,0.19673467
DDOG,Top 10 SaaS stock of the year by ytd return. $ASAN $MNDY $BILL $DDOG $NET $CFLT $NEWR $HUBS $GOOG $TEAM https://t.co/XKEyIAerWg,2022-01-01 02:07:09,2022/01/01,0.071654715,0.033324622,0.895020664,0.372248009,0.409559335,0.175393263,0.024861657,0.017091889,0.000845847,0.375351995,Neutral,0.19673467
DDOG,Top 10 SaaS stock of the year by ytd return. $ASAN $MNDY $BILL $DDOG $NET $CFLT $NEWR $HUBS $GOOG $TEAM https://t.co/XKEyIAerWg,2022-01-01 02:07:09,2022/01/01,0.071654715,0.033324622,0.895020664,0.372248009,0.409559335,0.175393263,0.024861657,0.017091889,0.000845847,0.375351995,Neutral,0.19673467
CTAS,"$MDLZ, $PCAR and $CTAS are the top gainers in the Nasdaq 100 for the day. https://t.co/PJpZFjvSpF",2022-01-01 02:09:04,2022/01/01,0.130279288,0.019638186,0.850082457,0.351487675,0.588382472,0.029109859,0.011959212,0.016504573,0.002556209,0.514043541,Neutral,0.19673467
XEL,"$AFRM, $XEL, $PFE, $GRPN, $ROKU Algorithmically curated trade ideas for top tickers with options sweep activity daily recap courtesy the of real-time dashboard from https://t.co/XFSr9itA5W https://t.co/oApmcarunY",2022-01-01 02:34:07,2022/01/01,0.030940231,0.023442406,0.945617437,0.300930199,0.580707219,0.062008913,0.026739275,0.024286386,0.005328007,0.545482578,Neutral,0.19673467
ZS,Portfolio  - 31 Dec:  $MNDY   21..8% $DDOG   21.5% $ZI           17.7%   $UPST     15.5% $CRWD   14.1%  $AMPL     7.7% $BILL       5.5% $S            5.5%  $TSLA     2.8% $ZS          2.4% $SOFI      2.4% $LC          2.0% $SE          2.0%  CASH    -20.8% YTD            7.8%,2022-01-01 02:36:17,2022/01/01,0.052275259,0.042128753,0.905595958,0.09976942,0.653308373,0.09769019,0.043231951,0.101186196,0.004813869,0.892837914,Buy,0.82336185
AMGN,Short sale vol (not short interest) for $PFE on 2021-12-31 is 58%. https://t.co/YezYNYnVQm $AMGN 59% $GSK 52% $NVS 24% $AZN 46%,2022-01-01 02:54:01,2022/01/01,0.02462955,0.032277662,0.943092704,0.339969206,0.403196209,0.159852754,0.05666327,0.03644219,0.00387637,0.476656716,Buy,0.549383891
ZS,Top 15 Cybersecurity stocks with market cap over 1 billion in 5 days.   👉 https://t.co/WijyHDsGYs  $FTNT $MNDT $CYBR $NLOK $MCFE $HACK $ZS $PANW $KNBE $FORG $SCWX $QLYS $PING $OKTA $S  🚀🚀🚀🚀🚀 https://t.co/3JIwhIiITg,2022-01-01 03:10:04,2022/01/01,0.097736523,0.031005427,0.87125802,0.221387243,0.36326312,0.263017546,0.102860695,0.045611854,0.003859542,0.704807063,Neutral,0.19673467
CSCO,@letsinvestnow @cedar_ives $CSCO still has a little ways to go but getting closer https://t.co/E2tZGWvXLe,2022-01-01 03:13:27,2022/01/01,0.07629586,0.022920761,0.90078336,0.21019708,0.528719479,0.070715331,0.088490568,0.101299107,0.000578435,0.587216652,Neutral,0.19673467
XEL,"$DG, $EBAY, $XEL, $BILI, $GRPN Algorithmically curated trade ideas for top tickers with unusually high volume daily recap courtesy the of real-time dashboard from https://t.co/XFSr9itA5W https://t.co/tjlBB09anG",2022-01-01 03:19:08,2022/01/01,0.045865811,0.019323958,0.934810162,0.321412549,0.589962667,0.048117484,0.022702436,0.014577923,0.003226941,0.511906948,Neutral,0.19673467
CDNS,"$CDNS in +2.73% Uptrend, growing for three consecutive days on December 27, 2021. View odds for this and other indicators: https://t.co/pWPeLGOxG2 #CadenceDesignSystems https://t.co/gQ0cG2HsbT",2022-01-01 03:21:06,2022/01/01,0.117841303,0.031429626,0.850729048,0.224934565,0.485872684,0.077841077,0.186751869,0.022631587,0.001968219,0.566828766,Neutral,0.517913227
CDNS,$CDNS  new alert at https://t.co/A7qrDarJHY  #stocks #daytrading  #NYSE #NASDAQ #market 280,2022-01-01 03:22:03,2022/01/01,0.034812301,0.037055548,0.928132176,0.006057304,0.297739655,0.063417515,0.611146043,0.02106594,0.000573543,0.528914708,Neutral,0.19673467
AVGO,"Portfolio heading to 2022:  $AMD, $AVGO, $BROS, $BEAM, $BUG, $C, $COST, $DLO, $DWACW, $EVG, $FB, $LCID, $GOOG, $ILMN, $ISRG, $IONQ, $MP, $NVDA, $PFE, $SNOW, $SYNA, $TSLA, $TTD",2022-01-01 03:24:49,2022/01/01,0.026501516,0.026908575,0.946589947,0.373687242,0.561383994,0.029918001,0.013486447,0.014634988,0.006889328,0.384748971,Neutral,0.19673467
COST,"Portfolio heading to 2022:  $AMD, $AVGO, $BROS, $BEAM, $BUG, $C, $COST, $DLO, $DWACW, $EVG, $FB, $LCID, $GOOG, $ILMN, $ISRG, $IONQ, $MP, $NVDA, $PFE, $SNOW, $SYNA, $TSLA, $TTD",2022-01-01 03:24:49,2022/01/01,0.026501516,0.026908575,0.946589947,0.373687242,0.561383994,0.029918001,0.013486447,0.014634988,0.006889328,0.384748971,Neutral,0.19673467
AVGO,"$AVGO  Broadcom consolidating latest burst higher.  #IBDPartner   Another breakout in the making? If momentum slows, watch support at 20 day MA.  @IBDinvestors --&gt; https://t.co/bIzNEjJrTu https://t.co/sF68IxTkaY",2022-01-01 03:43:58,2022/01/01,0.133328035,0.585079134,0.281592816,0.090149717,0.480971416,0.117248795,0.24649282,0.064340475,0.000796777,0.54182994,Neutral,0.19673467
WDAY,"$WDAY bearish pennant taking shape. These can break either way though. Watch 271.6 for downside. For the upside, 281. 🧨 https://t.co/8AxjsR4tmV",2022-01-01 03:44:08,2022/01/01,0.07918793,0.14985317,0.7709589,0.12491843,0.29229261,0.164189516,0.171482268,0.212029748,0.035087427,0.594811246,Neutral,0.19673467
BIIB,#Newyearbiotechpredictions I think we can all agree with @XBIObserver for the second ;-). $BIIB will be interesting...,2022-01-01 03:48:36,2022/01/01,0.186279446,0.009908419,0.803812206,0.186875122,0.549065927,0.067556638,0.172468402,0.022410253,0.001623658,0.615974697,Neutral,0.19673467
CMCSA,$CMCSA Max Pain is 50.00 for maturity 12/31/2021. #maxpain #options https://t.co/2qXepXNm2Y https://t.co/bAp9nYuvAt,2022-01-01 03:50:03,2022/01/01,0.031978723,0.021925803,0.946095526,0.117038362,0.570139457,0.141874062,0.084583981,0.085097941,0.001266196,0.761787053,Neutral,0.19673467
DDOG,Top 15 Artificial Intelligence stocks with market cap over 1 billion in 5 days.   👉 https://t.co/DvgOetY9pg  $DAO $INFA $GH $UPST $MSFT $CRM $INTC $HCAT $FB $DT $LPSN $NVDA $TSLA $DDOG $TWLO  🚀🚀🚀🚀🚀 https://t.co/3Q6riGNU7p,2022-01-01 03:50:04,2022/01/01,0.103499591,0.022230061,0.87427032,0.229423868,0.540012156,0.12041439,0.072557069,0.034364672,0.003227846,0.71196767,Neutral,0.19673467
DDOG,Top 15 Artificial Intelligence stocks with market cap over 1 billion in 5 days.   👉 https://t.co/DvgOetY9pg  $DAO $INFA $GH $UPST $MSFT $CRM $INTC $HCAT $FB $DT $LPSN $NVDA $TSLA $DDOG $TWLO  🚀🚀🚀🚀🚀 https://t.co/3Q6riGNU7p,2022-01-01 03:50:04,2022/01/01,0.103499591,0.022230061,0.87427032,0.229423868,0.540012156,0.12041439,0.072557069,0.034364672,0.003227846,0.71196767,Neutral,0.19673467
GOOGL,"End-Q4 Portfolio. Changes among my longs from Q3: New: $SPYV, $ALLY, $ABNB, $CPNG Removed: $CHWY, $PLTR, $CVNA, $CRLBF  Net long 90.5% Cash 9.5%  Will upload YTD performance when IBKR report is ready.  $AMZN $TSLA $GOOGL $XLNX $GTBIF $FB $SQ $PANW $MELI $TDOC $OPEN $LMND https://t.co/K1gyNzfRR8",2022-01-01 03:54:20,2022/01/01,0.051537056,0.056397215,0.892065763,0.284219075,0.46740982,0.066470742,0.041084109,0.123886651,0.016929603,0.449727445,Buy,0.490842181
GOOGL,"End-Q4 Portfolio. Changes among my longs from Q3: New: $SPYV, $ALLY, $ABNB, $CPNG Removed: $CHWY, $PLTR, $CVNA, $CRLBF  Net long 90.5% Cash 9.5%  Will upload YTD performance when IBKR report is ready.  $AMZN $TSLA $GOOGL $XLNX $GTBIF $FB $SQ $PANW $MELI $TDOC $OPEN $LMND https://t.co/K1gyNzfRR8",2022-01-01 03:54:20,2022/01/01,0.051537056,0.056397215,0.892065763,0.284219075,0.46740982,0.066470742,0.041084109,0.123886651,0.016929603,0.449727445,Buy,0.490842181
ASML,"""#ASML cannot independently produce #lithography machines. There are more than 5,000 suppliers behind it. Among them, Japanese suppliers are in a key position. Once the supply is cut off, AML will no longer be able to produce EUV lithography machines."" #PHYSICS #IC #LASERTEC",2022-01-01 04:18:40,2022/01/01,0.023448076,0.561499119,0.415052861,0.013002224,0.11503052,0.532859812,0.246667212,0.091454886,0.000985346,0.704306449,Neutral,0.183583
AMAT,Sector Themes In Play In The Markets For 2022 &gt; https://t.co/YjJP9ANbGn  $WKHS $XPEV $NKLA $CHPT $GLD $SLV $GDX $GDXJ $SIL $SILJ $PSA $LSI $CUBE $F $GM $TM $TSLA $MSFT $AMAT $GOOGL $NVDA $AAPL $QCOM,2022-01-01 04:44:32,2022/01/01,0.214276135,0.025241176,0.760482728,0.19227986,0.652803521,0.059490929,0.036376512,0.056628996,0.002420181,0.789889676,Neutral,0.19673467
CSCO,$CIBR Vanguard Information Tech ETF up by 152% since Covid Low  Top holdings as of 12/27:  $ACN $CSCO $PANW $CRWD $NET $TENB $JNPR $FTNT #F5Inc $OKTA  Tell me why this wouldn't excite you to go long for the next 5 years?  I hold 19 shares of this with an Avg. Price at $45.26 https://t.co/BqgcnYkOGF,2022-01-01 04:56:51,2022/01/01,0.788489699,0.013511606,0.197998673,0.301760445,0.16197536,0.433995022,0.082948383,0.01805435,0.001266438,0.545976511,Buy,0.415629693
CRWD,$CIBR Vanguard Information Tech ETF up by 152% since Covid Low  Top holdings as of 12/27:  $ACN $CSCO $PANW $CRWD $NET $TENB $JNPR $FTNT #F5Inc $OKTA  Tell me why this wouldn't excite you to go long for the next 5 years?  I hold 19 shares of this with an Avg. Price at $45.26 https://t.co/BqgcnYkOGF,2022-01-01 04:56:51,2022/01/01,0.788489699,0.013511606,0.197998673,0.301760445,0.16197536,0.433995022,0.082948383,0.01805435,0.001266438,0.545976511,Buy,0.415629693
CRWD,$CIBR Vanguard Information Tech ETF up by 152% since Covid Low  Top holdings as of 12/27:  $ACN $CSCO $PANW $CRWD $NET $TENB $JNPR $FTNT #F5Inc $OKTA  Tell me why this wouldn't excite you to go long for the next 5 years?  I hold 19 shares of this with an Avg. Price at $45.26 https://t.co/BqgcnYkOGF,2022-01-01 04:56:51,2022/01/01,0.788489699,0.013511606,0.197998673,0.301760445,0.16197536,0.433995022,0.082948383,0.01805435,0.001266438,0.545976511,Buy,0.415629693
GOOGL,#Options #maxpain chart for $GOOGL. Free options app https://t.co/EQL2cBOq5n https://t.co/my6fDzQ20a,2022-01-01 05:04:29,2022/01/01,0.033909049,0.028016819,0.938074172,0.240771767,0.476179688,0.129286271,0.099556016,0.052440624,0.001765634,0.589018645,Neutral,0.19673467
GOOGL,#Options #maxpain chart for $GOOGL. Free options app https://t.co/EQL2cBOq5n https://t.co/my6fDzQ20a,2022-01-01 05:04:29,2022/01/01,0.033909049,0.028016819,0.938074172,0.240771767,0.476179688,0.129286271,0.099556016,0.052440624,0.001765634,0.589018645,Neutral,0.19673467
ADSK,"$AMD $NASDAQ $STOCK $USD $AAPL $NFLX  $ES $VIAC $DISH $LYV $ADSK $MONEY  When I was novice I made a lot of mistakes then I came to know about this Community,,     https://t.co/0GDxYtW6gE https://t.co/dzte694pbB",2022-01-01 05:11:55,2022/01/01,0.050881766,0.026077667,0.923040509,0.176397234,0.258961866,0.141313403,0.336866015,0.082281934,0.004179548,0.525744017,Neutral,0.19673467
ADSK,"$CASH $FTL $INTC $NUE $IT $AAPL $NDX  $EBAY $NLOK $ADSK $SBUX $SPX $SWKS  When I was novice I made a lot of mistakes then I came to know about this Community,,     https://t.co/0GDxYtW6gE https://t.co/Il6bU41ZMz",2022-01-01 05:12:36,2022/01/01,0.05273971,0.03139358,0.915866673,0.213983358,0.268735933,0.134726663,0.309080547,0.069310607,0.004162892,0.515857014,Sell,0.632120559
AAPL,New year's sale 🚀 dropping the price by a lot to help you grow get access to  📈Trade alerts  🙌Trading edu 🌟Live stream trading and more  👉email juicytradez@gmail.com Visit https://t.co/TgTG2MfsIY for details #stocka $TSLA $AAPL $AAPL https://t.co/oTknvDtoJt,2022-01-01 05:21:38,2022/01/01,0.06098007,0.065448619,0.873571277,0.079961616,0.629219271,0.111424353,0.152934157,0.025871944,0.000588659,0.824350532,Neutral,0.19673467
CRWD,$CRWD 🤺 macro update  ⬆️fail-outside⬇️red Qtr  Outside⬇️-⬇️red Month  #TheLaZerEdge⚡️ https://t.co/aEKorSLi2W,2022-01-01 05:26:36,2022/01/01,0.020349726,0.077156059,0.902494252,0.01964001,0.381167275,0.144161704,0.297460616,0.156990733,0.000579662,0.491590532,Neutral,0.632120559
CRWD,$CRWD 🤺 macro update  ⬆️fail-outside⬇️red Qtr  Outside⬇️-⬇️red Month  #TheLaZerEdge⚡️ https://t.co/aEKorSLi2W,2022-01-01 05:26:36,2022/01/01,0.020349726,0.077156059,0.902494252,0.01964001,0.381167275,0.144161704,0.297460616,0.156990733,0.000579662,0.491590532,Neutral,0.632120559
ASML,"Yet in ""the photoresist core components, semiconductor materials &amp; equipment, Jp companies are still in an unshakable position &amp;occupy a key link in the global #IC  chain, therefore it's said once the supply is cut off, ASML will no longer be able to produce #litography machine""",2022-01-01 05:28:33,2022/01/01,0.073550411,0.522423685,0.404025912,0.005639983,0.00744976,0.472289231,0.397553171,0.11653555,0.000532305,0.305566394,Neutral,0.183583
ADBE,$VGT Vanguard Information Tech ETF up by 145% since Covid Low  Month end 10 largest holdings as of 11/30:  $AAPL $MSFT $NVDA $ADBE $V $CRM $MA $CSCO $AVGO $ACN  Tell me why this wouldn't excite you to go long for the next 5 years?  I hold 2.5 shares as of now at an avg of $393.37 https://t.co/rKgaSC2sfl,2022-01-01 05:42:30,2022/01/01,0.847424686,0.01216163,0.140413642,0.415588132,0.158181737,0.364751248,0.040965096,0.019290317,0.001223469,0.437934556,Buy,0.415629693
AVGO,$VGT Vanguard Information Tech ETF up by 145% since Covid Low  Month end 10 largest holdings as of 11/30:  $AAPL $MSFT $NVDA $ADBE $V $CRM $MA $CSCO $AVGO $ACN  Tell me why this wouldn't excite you to go long for the next 5 years?  I hold 2.5 shares as of now at an avg of $393.37 https://t.co/rKgaSC2sfl,2022-01-01 05:42:30,2022/01/01,0.847424686,0.01216163,0.140413642,0.415588132,0.158181737,0.364751248,0.040965096,0.019290317,0.001223469,0.437934556,Buy,0.415629693
CSCO,$VGT Vanguard Information Tech ETF up by 145% since Covid Low  Month end 10 largest holdings as of 11/30:  $AAPL $MSFT $NVDA $ADBE $V $CRM $MA $CSCO $AVGO $ACN  Tell me why this wouldn't excite you to go long for the next 5 years?  I hold 2.5 shares as of now at an avg of $393.37 https://t.co/rKgaSC2sfl,2022-01-01 05:42:30,2022/01/01,0.847424686,0.01216163,0.140413642,0.415588132,0.158181737,0.364751248,0.040965096,0.019290317,0.001223469,0.437934556,Buy,0.415629693
ADBE,$VGT Vanguard Information Tech ETF up by 145% since Covid Low  Month end 10 largest holdings as of 11/30:  $AAPL $MSFT $NVDA $ADBE $V $CRM $MA $CSCO $AVGO $ACN  Tell me why this wouldn't excite you to go long for the next 5 years?  I hold 2.5 shares as of now at an avg of $393.37 https://t.co/rKgaSC2sfl,2022-01-01 05:42:30,2022/01/01,0.847424686,0.01216163,0.140413642,0.415588132,0.158181737,0.364751248,0.040965096,0.019290317,0.001223469,0.437934556,Buy,0.415629693
CSCO,"$NVAX $PROG $SIRI $FUBO $MARA $CSCO $DM $AAPL $FCX $PYPL $SOFI    When I was novice I made a lot of mistakes then I came to know about this Community,,    https://t.co/ZKPLeHUTAO https://t.co/0XB6vhT2XS",2022-01-01 05:48:37,2022/01/01,0.060109217,0.025947092,0.913943648,0.19608389,0.363028955,0.154203848,0.208470234,0.074926336,0.003286738,0.474785334,Neutral,0.19673467
CMCSA,"$PLUG $RBLX $SKLZ $ATVI $ZNGA $AEY $AMC $CMCSA $DIS $LVO    When I was novice I made a lot of mistakes then I came to know about this Community,,    https://t.co/0GDxYtW6gE https://t.co/UPYbHqpSQL",2022-01-01 05:52:16,2022/01/01,0.054643773,0.025727926,0.919628263,0.212697768,0.251804221,0.169784642,0.268108122,0.092404098,0.00520115,0.436276668,Neutral,0.19673467
ZS,"$CRWD $BA $ZM $MSFT $SPOT $ETSY $AFRM $NET $ZS   When I was novice I made a lot of mistakes then I came to know about this Community,,     https://t.co/ZKPLeHUTAO https://t.co/xIrS5MO8UU",2022-01-01 06:06:30,2022/01/01,0.07054507,0.029372849,0.900082052,0.198613185,0.277985689,0.12840357,0.332980149,0.057609622,0.004407785,0.471232466,Neutral,0.19673467
CRWD,"$CRWD $BA $ZM $MSFT $SPOT $ETSY $AFRM $NET $ZS   When I was novice I made a lot of mistakes then I came to know about this Community,,     https://t.co/ZKPLeHUTAO https://t.co/xIrS5MO8UU",2022-01-01 06:06:30,2022/01/01,0.07054507,0.029372849,0.900082052,0.198613185,0.277985689,0.12840357,0.332980149,0.057609622,0.004407785,0.471232466,Neutral,0.19673467
CRWD,"$CRWD $BA $ZM $MSFT $SPOT $ETSY $AFRM $NET $ZS   When I was novice I made a lot of mistakes then I came to know about this Community,,     https://t.co/ZKPLeHUTAO https://t.co/xIrS5MO8UU",2022-01-01 06:06:30,2022/01/01,0.07054507,0.029372849,0.900082052,0.198613185,0.277985689,0.12840357,0.332980149,0.057609622,0.004407785,0.471232466,Neutral,0.19673467
ABNB,"My favorite stocks for LT portfolio in 2022 Retail: $AMZN, $WMT, $BABA Semi: $AMD,$NVDA,$MU US EV: $TSLA,$GM,$F Chinese EV: $NIO, $XPEV FinTech: $PYPL, $SQ, $COIN Tech: $APPL,$MSFT,$FB Financial: $JPM Travel: $BA, $ABNB, $DIS Growth: $PLTR, $RBLX Green: $PLUG, $BLNK, $CHPT, $GEVO",2022-01-01 06:06:56,2022/01/01,0.06685748,0.014989822,0.91815263,0.225017811,0.717531521,0.025483729,0.011876052,0.015996317,0.004094569,0.695347021,Neutral,0.19673467
ABNB,"My favorite stocks for LT portfolio in 2022 Retail: $AMZN, $WMT, $BABA Semi: $AMD,$NVDA,$MU US EV: $TSLA,$GM,$F Chinese EV: $NIO, $XPEV FinTech: $PYPL, $SQ, $COIN Tech: $APPL,$MSFT,$FB Financial: $JPM Travel: $BA, $ABNB, $DIS Growth: $PLTR, $RBLX Green: $PLUG, $BLNK, $CHPT, $GEVO",2022-01-01 06:06:56,2022/01/01,0.06685748,0.014989822,0.91815263,0.225017811,0.717531521,0.025483729,0.011876052,0.015996317,0.004094569,0.695347021,Neutral,0.19673467
ASML,"ASML seeking out a HCL in daily cycle 2, a cycle that I expect to fail when it declines into a DCL in mid Jan https://t.co/a5CiuRbqDf",2022-01-01 06:07:47,2022/01/01,0.021741748,0.859040022,0.119218282,0.209830387,0.059472036,0.086329991,0.243195985,0.395064613,0.006106989,0.753494624,Neutral,0.19673467
GOOGL,Use live scanning and supporting before invest or trading! https://t.co/aSqy1WVf4C  $eth.x  $zom  $mu  $acb  $f  $googl  $gevo  $spce  $intc  $xrp.x  $wmt  $gnus  $roku  $ino  $qqq  $aal  $ibio  $nakd  $bngo  $sbux  $gpro  $ctrm  $shop  $castor  $maf  $sh https://t.co/G7h13a0klB,2022-01-01 06:11:59,2022/01/01,0.071452394,0.020019559,0.90852797,0.181504888,0.449944601,0.123772905,0.183025866,0.057398454,0.004353286,0.698235285,Buy,0.632120559
GOOGL,Use live scanning and supporting before invest or trading! https://t.co/aSqy1WVf4C  $eth.x  $zom  $mu  $acb  $f  $googl  $gevo  $spce  $intc  $xrp.x  $wmt  $gnus  $roku  $ino  $qqq  $aal  $ibio  $nakd  $bngo  $sbux  $gpro  $ctrm  $shop  $castor  $maf  $sh https://t.co/G7h13a0klB,2022-01-01 06:11:59,2022/01/01,0.071452394,0.020019559,0.90852797,0.181504888,0.449944601,0.123772905,0.183025866,0.057398454,0.004353286,0.698235285,Buy,0.632120559
COST,Start from here! https://t.co/aSqy1WVf4C  $snow  $cost  $bby  $li  $dg  $azo  $dks  $ctrn  $anf  $okta  $aeo  $pdd  $cbrl  $mdt  $zs  $urbn  $gps  $dltr  $intu  $tol  $cpri  $jwn  $th  $hpq  $ulta  $veev  $wsm  $wday  $burl  $dell  $sol  $safm  $a https://t.co/XjbEJh3h1O,2022-01-01 06:21:03,2022/01/01,0.219066456,0.033877891,0.74705565,0.14504666,0.546798251,0.146580787,0.096300763,0.062053737,0.003219802,0.804397821,Neutral,0.19673467
ZS,Start from here! https://t.co/aSqy1WVf4C  $snow  $cost  $bby  $li  $dg  $azo  $dks  $ctrn  $anf  $okta  $aeo  $pdd  $cbrl  $mdt  $zs  $urbn  $gps  $dltr  $intu  $tol  $cpri  $jwn  $th  $hpq  $ulta  $veev  $wsm  $wday  $burl  $dell  $sol  $safm  $a https://t.co/XjbEJh3h1O,2022-01-01 06:21:03,2022/01/01,0.219066456,0.033877891,0.74705565,0.14504666,0.546798251,0.146580787,0.096300763,0.062053737,0.003219802,0.804397821,Neutral,0.19673467
WDAY,Start from here! https://t.co/aSqy1WVf4C  $snow  $cost  $bby  $li  $dg  $azo  $dks  $ctrn  $anf  $okta  $aeo  $pdd  $cbrl  $mdt  $zs  $urbn  $gps  $dltr  $intu  $tol  $cpri  $jwn  $th  $hpq  $ulta  $veev  $wsm  $wday  $burl  $dell  $sol  $safm  $a https://t.co/XjbEJh3h1O,2022-01-01 06:21:03,2022/01/01,0.219066456,0.033877891,0.74705565,0.14504666,0.546798251,0.146580787,0.096300763,0.062053737,0.003219802,0.804397821,Neutral,0.19673467
CPRT,Use live scanning and supporting before invest or trade! https://t.co/aSqy1WVf4C  $tcehy  $wms  $hrl  $tgi  $mnro  $qiwi  $brc  $cswi  $cd  $glng  $pax  $edry  $geni  $olk  $csco  $lb  $snps  $keys  $sblk  $sqm  $zto  $cprt  $scvl $gds $beke $caap $vinp $knbe $jd $tgt $low $tjx https://t.co/JNTP2VZM6V,2022-01-01 06:24:04,2022/01/01,0.085924894,0.01916532,0.894909799,0.193576591,0.412915289,0.140215223,0.184377914,0.065549713,0.00336527,0.624655761,Neutral,0.183583
CSCO,Use live scanning and supporting before invest or trade! https://t.co/aSqy1WVf4C  $tcehy  $wms  $hrl  $tgi  $mnro  $qiwi  $brc  $cswi  $cd  $glng  $pax  $edry  $geni  $olk  $csco  $lb  $snps  $keys  $sblk  $sqm  $zto  $cprt  $scvl $gds $beke $caap $vinp $knbe $jd $tgt $low $tjx https://t.co/JNTP2VZM6V,2022-01-01 06:24:04,2022/01/01,0.085924894,0.01916532,0.894909799,0.193576591,0.412915289,0.140215223,0.184377914,0.065549713,0.00336527,0.624655761,Neutral,0.183583
BIIB,Notable #biopharma events of the week include $NTRB $BBIO $ALNY $BIIB https://t.co/kmmwI7hEmf,2022-01-01 06:28:27,2022/01/01,0.03265965,0.041628379,0.92571193,0.235915236,0.589918255,0.074617351,0.071773262,0.027056385,0.000719511,0.73946772,Neutral,0.19673467
XEL,@noalpha_allbeta @zerohedge @ErcotTx Good news for $XEL,2022-01-01 06:35:36,2022/01/01,0.777687669,0.013601266,0.208711118,0.030188765,0.95951011,0.002870851,0.003186603,0.004136575,0.000107096,0.997814879,Neutral,0.632120559
ADSK,"$AMD $NASDAQ $STOCK $USD $AAPL $NFLX $ES $VIAC $DISH $LYV $ADSK $MONEY  When I was novice I made a lot of mistakes then I came to know about this Community,,     https://t.co/ZKPLeHUTAO https://t.co/fzIlKqMpLx",2022-01-01 06:55:09,2022/01/01,0.055874143,0.027845103,0.916280746,0.135322026,0.265701771,0.153464803,0.36126359,0.079521407,0.004726403,0.638074459,Neutral,0.19673467
ADSK,"$CASH $FTL $INTC $NUE $IT $AAPL $NDX $EBAY $NLOK $ADSK $SBUX $SPX $SWKS  When I was novice I made a lot of mistakes then I came to know about this Community,,     https://t.co/ZKPLeHUTAO https://t.co/NESY97Yybp",2022-01-01 06:56:35,2022/01/01,0.058708798,0.032453734,0.908837497,0.180047982,0.279661368,0.126676143,0.338497955,0.070377279,0.004739274,0.576267207,Sell,0.632120559
DDOG,US Portfolio 2021 Results Performance YTD: -5.07% vs SPY: +28.96% By Weight:   $SE - 21.30% $PLTR - 12.68% $NVDA - 11.37% $DDOG - 10.11% $SQ - 8.22% $ZS - 7.34% $FTCH - 6.92% $MGNI - 4.52% $TTD - 4.26% $MQ - 3.26% $ABNB - 2.67% $OPEN - 2.66% $GDRX - 2.62% $DOCN - 2.05% https://t.co/VJMJGbLoVx,2022-01-01 07:01:23,2022/01/01,0.055081367,0.040541023,0.904377639,0.318560435,0.494712106,0.086202202,0.052012494,0.04336622,0.005146542,0.459866044,Buy,0.937185504
ZS,US Portfolio 2021 Results Performance YTD: -5.07% vs SPY: +28.96% By Weight:   $SE - 21.30% $PLTR - 12.68% $NVDA - 11.37% $DDOG - 10.11% $SQ - 8.22% $ZS - 7.34% $FTCH - 6.92% $MGNI - 4.52% $TTD - 4.26% $MQ - 3.26% $ABNB - 2.67% $OPEN - 2.66% $GDRX - 2.62% $DOCN - 2.05% https://t.co/VJMJGbLoVx,2022-01-01 07:01:23,2022/01/01,0.055081367,0.040541023,0.904377639,0.318560435,0.494712106,0.086202202,0.052012494,0.04336622,0.005146542,0.459866044,Buy,0.937185504
ABNB,US Portfolio 2021 Results Performance YTD: -5.07% vs SPY: +28.96% By Weight:   $SE - 21.30% $PLTR - 12.68% $NVDA - 11.37% $DDOG - 10.11% $SQ - 8.22% $ZS - 7.34% $FTCH - 6.92% $MGNI - 4.52% $TTD - 4.26% $MQ - 3.26% $ABNB - 2.67% $OPEN - 2.66% $GDRX - 2.62% $DOCN - 2.05% https://t.co/VJMJGbLoVx,2022-01-01 07:01:23,2022/01/01,0.055081367,0.040541023,0.904377639,0.318560435,0.494712106,0.086202202,0.052012494,0.04336622,0.005146542,0.459866044,Buy,0.937185504
ABNB,US Portfolio 2021 Results Performance YTD: -5.07% vs SPY: +28.96% By Weight:   $SE - 21.30% $PLTR - 12.68% $NVDA - 11.37% $DDOG - 10.11% $SQ - 8.22% $ZS - 7.34% $FTCH - 6.92% $MGNI - 4.52% $TTD - 4.26% $MQ - 3.26% $ABNB - 2.67% $OPEN - 2.66% $GDRX - 2.62% $DOCN - 2.05% https://t.co/VJMJGbLoVx,2022-01-01 07:01:23,2022/01/01,0.055081367,0.040541023,0.904377639,0.318560435,0.494712106,0.086202202,0.052012494,0.04336622,0.005146542,0.459866044,Buy,0.937185504
DDOG,US Portfolio 2021 Results Performance YTD: -5.07% vs SPY: +28.96% By Weight:   $SE - 21.30% $PLTR - 12.68% $NVDA - 11.37% $DDOG - 10.11% $SQ - 8.22% $ZS - 7.34% $FTCH - 6.92% $MGNI - 4.52% $TTD - 4.26% $MQ - 3.26% $ABNB - 2.67% $OPEN - 2.66% $GDRX - 2.62% $DOCN - 2.05% https://t.co/VJMJGbLoVx,2022-01-01 07:01:23,2022/01/01,0.055081367,0.040541023,0.904377639,0.318560435,0.494712106,0.086202202,0.052012494,0.04336622,0.005146542,0.459866044,Buy,0.937185504
AMAT,VET RAME AMAT YA BUSET🥲 https://t.co/CAoYsUnZku,2022-01-01 07:19:02,2022/01/01,0.025469007,0.028659862,0.945871174,0.217654045,0.474303414,0.200481503,0.043227915,0.054782793,0.00955033,0.68744053,Neutral,0.19673467
GOOGL,Buy signal for $EURUSD. Bearish divergence for $GOOGL. Partial profits for $CIEN and $NI. Bearish continuation for $PYPL. More stocks: https://t.co/bc0p26N4ad $SPY $GLD $USO $BTC.X https://t.co/DzO6KRamND,2022-01-01 07:25:51,2022/01/01,0.038138337,0.123136953,0.838724673,0.237455267,0.335798014,0.178164671,0.152069129,0.082636409,0.01387651,0.549772507,Buy,0.632120559
GOOGL,Buy signal for $EURUSD. Bearish divergence for $GOOGL. Partial profits for $CIEN and $NI. Bearish continuation for $PYPL. More stocks: https://t.co/bc0p26N4ad $SPY $GLD $USO $BTC.X https://t.co/DzO6KRamND,2022-01-01 07:25:51,2022/01/01,0.038138337,0.123136953,0.838724673,0.237455267,0.335798014,0.178164671,0.152069129,0.082636409,0.01387651,0.549772507,Buy,0.632120559
VRTX,Vertex Pharmaceuticals Incorporated current quarter revenue growth YoY of 29.20% ranked 1405 out of 5695 companies in our database.   👉 https://t.co/D9GGrbLV7c $VRTX,2022-01-01 07:27:05,2022/01/01,0.43008545,0.014574907,0.555339634,0.319961191,0.514488992,0.086522526,0.045657112,0.029344129,0.00402605,0.583729616,Buy,0.39346934
AVGO,"14. Some of my favorite options-friendly names?  $XLK - $MSFT $AAPL $NVDA $ORCL $ADBE $CRM $XLY - $AMZN $HD $LOW  $XLC - $NFLX $FB  $XLF - $JPM $GS $XLI - $DE $CAT  $SMH - $AMD $AVGO  $XLP - $COST  They follow trends = moves easier to ride, and have high open interest + Fib =🤑 https://t.co/CxF77mHKkK",2022-01-01 07:32:57,2022/01/01,0.095411897,0.019106191,0.885481954,0.124398513,0.798362776,0.027620285,0.023452812,0.022150407,0.004015207,0.916291069,Spam,0.432332358
COST,"14. Some of my favorite options-friendly names?  $XLK - $MSFT $AAPL $NVDA $ORCL $ADBE $CRM $XLY - $AMZN $HD $LOW  $XLC - $NFLX $FB  $XLF - $JPM $GS $XLI - $DE $CAT  $SMH - $AMD $AVGO  $XLP - $COST  They follow trends = moves easier to ride, and have high open interest + Fib =🤑 https://t.co/CxF77mHKkK",2022-01-01 07:32:57,2022/01/01,0.095411897,0.019106191,0.885481954,0.124398513,0.798362776,0.027620285,0.023452812,0.022150407,0.004015207,0.916291069,Spam,0.432332358
ADBE,"14. Some of my favorite options-friendly names?  $XLK - $MSFT $AAPL $NVDA $ORCL $ADBE $CRM $XLY - $AMZN $HD $LOW  $XLC - $NFLX $FB  $XLF - $JPM $GS $XLI - $DE $CAT  $SMH - $AMD $AVGO  $XLP - $COST  They follow trends = moves easier to ride, and have high open interest + Fib =🤑 https://t.co/CxF77mHKkK",2022-01-01 07:32:57,2022/01/01,0.095411897,0.019106191,0.885481954,0.124398513,0.798362776,0.027620285,0.023452812,0.022150407,0.004015207,0.916291069,Spam,0.432332358
ADBE,"14. Some of my favorite options-friendly names?  $XLK - $MSFT $AAPL $NVDA $ORCL $ADBE $CRM $XLY - $AMZN $HD $LOW  $XLC - $NFLX $FB  $XLF - $JPM $GS $XLI - $DE $CAT  $SMH - $AMD $AVGO  $XLP - $COST  They follow trends = moves easier to ride, and have high open interest + Fib =🤑 https://t.co/CxF77mHKkK",2022-01-01 07:32:57,2022/01/01,0.095411897,0.019106191,0.885481954,0.124398513,0.798362776,0.027620285,0.023452812,0.022150407,0.004015207,0.916291069,Spam,0.432332358
AXON,#stocknews Reviewing Dewey Electronics (OTCMKTS:DEWY) &amp; Axon Enterprise (NASDAQ:AXON) https://t.co/P70fe9ikri https://t.co/HhkKr6EmNW,2022-01-01 07:33:05,2022/01/01,0.034429144,0.022298267,0.943272591,0.240912274,0.57235515,0.089458684,0.062170737,0.034019435,0.001083721,0.758992884,Neutral,0.19673467
ADSK,"$ES $VIAC $DISH $LYV $ADSK $MONEY $CASH $FTL $INTC   When I was novice I made a lot of mistakes then I came to know about this Community,,     https://t.co/SDWUPNhbWM https://t.co/YcrYBE445J",2022-01-01 07:46:52,2022/01/01,0.051648773,0.032041226,0.916309953,0.205603829,0.324507831,0.105851599,0.309688369,0.051654703,0.00269367,0.353132207,Sell,0.632120559
AEP,"American Electric Power Company, Inc current quarter revenue growth YoY of 13.70% ranked 2247 out of 5695 companies in our database.   👉 https://t.co/gMVqE5xB8P $AEP",2022-01-01 07:53:00,2022/01/01,0.142017141,0.022746004,0.835236847,0.350929635,0.498313856,0.085447622,0.034685621,0.027161537,0.00346173,0.556961273,Buy,0.39346934
ADSK,"$ADSK $SBUX $SPX $SWKS $NVDA $BAC $TFC $ETSY $CVS   When I was novice I made a lot of mistakes then I came to know about this Community,,     https://t.co/SDWUPNhbWM https://t.co/nf89DQjpGB",2022-01-01 07:55:54,2022/01/01,0.049818568,0.033871576,0.916309893,0.237580317,0.268996556,0.15175453,0.257877754,0.080772002,0.003018841,0.393445194,Neutral,0.19673467
AMAT,"Unveiled today! the 2022 South Pole marker! designed &amp; built by Brandon Amat &amp; Dave Pernic. Each 1 January a new marker is relocated to the true 90°S, as the ice sheet moves 10m per annum over bedrock 2.6km below. Design inspired by True South Flag; pic Wenceslas Marie Sainte https://t.co/LlZuOVQ9dg",2022-01-01 08:04:08,2022/01/01,0.100832283,0.011945253,0.887222409,0.3092212,0.655037491,0.015791137,0.003707966,0.01525888,0.000983328,0.537295166,Neutral,0.19673467
CSCO,🔴🔴   You are invited to test drive TradeIdeas PREMIUM features for 2 weeks!  via ⟶ https://t.co/0aEJ7gUw72  📊 $SWN $OXY $COG $RUN $SPWR $CRK $GPN $MVST $NOVA $SM $CSCO $AA $PSTG $ON $ABBV $ABT $CF $BLDR $SCHW $JNPR https://t.co/7lCM3nTJyu,2022-01-01 08:47:24,2022/01/01,0.130519867,0.011432392,0.858047783,0.175641252,0.7254582,0.061228344,0.01956168,0.017139001,0.000971523,0.848597959,Neutral,0.19673467
BKR,"$BKR's price moved below its 50-day Moving Average on December 29, 2021. View odds for this and other indicators: https://t.co/otStPvuMVr #BakerHughes #stockmarket #stock https://t.co/Z1IDINtVHY",2022-01-01 09:39:49,2022/01/01,0.031824447,0.480582178,0.487593412,0.01486011,0.302842956,0.083233311,0.554462097,0.043945404,0.000656121,0.491242976,Neutral,0.632120559
XEL,Xcel Energy Inc current quarter revenue growth YoY of 9.00% ranked 2650 out of 5695 companies in our database.   👉 https://t.co/RB4vRS45tP $XEL  🚀🚀🚀🚀🚀 https://t.co/cHS6kFvvta,2022-01-01 09:40:05,2022/01/01,0.214715168,0.019269461,0.766015351,0.299634007,0.553717981,0.07818913,0.034255865,0.03062956,0.003573457,0.590873207,Buy,0.39346934
ASML,KLA: Semiconductor Equipment Stock To Invest In For 2022 $AMAT $LRCX $UCTT $ICHR $ASML https://t.co/irj7CbQGHD,2022-01-01 09:48:48,2022/01/01,0.091928333,0.009595999,0.898475647,0.254230146,0.53811922,0.055843412,0.10245145,0.044433786,0.004921987,0.560348789,Buy,0.632120559
AMAT,gemes amat?1!2!2!2! https://t.co/SvEvNNw1cC,2022-01-01 09:53:36,2022/01/01,0.037006631,0.033864491,0.929128826,0.31397696,0.48961432,0.127339643,0.051528698,0.01647905,0.001061329,0.589869353,Neutral,0.19673467
CRWD,12/30 year end performance  Portfolio by allocations  $DDOG            $NET  $CRWD $DOGE       $FUBO $UPST $UAVS https://t.co/qficC8w3ZM,2022-01-01 10:01:08,2022/01/01,0.052154288,0.021226827,0.926618934,0.17798956,0.611628377,0.07147243,0.046031624,0.090382405,0.002495603,0.743674673,Neutral,0.19673467
CRWD,12/30 year end performance  Portfolio by allocations  $DDOG            $NET  $CRWD $DOGE       $FUBO $UPST $UAVS https://t.co/qficC8w3ZM,2022-01-01 10:01:08,2022/01/01,0.052154288,0.021226827,0.926618934,0.17798956,0.611628377,0.07147243,0.046031624,0.090382405,0.002495603,0.743674673,Neutral,0.19673467
DDOG,12/30 year end performance  Portfolio by allocations  $DDOG            $NET  $CRWD $DOGE       $FUBO $UPST $UAVS https://t.co/qficC8w3ZM,2022-01-01 10:01:08,2022/01/01,0.052154288,0.021226827,0.926618934,0.17798956,0.611628377,0.07147243,0.046031624,0.090382405,0.002495603,0.743674673,Neutral,0.19673467
DDOG,12/30 year end performance  Portfolio by allocations  $DDOG            $NET  $CRWD $DOGE       $FUBO $UPST $UAVS https://t.co/qficC8w3ZM,2022-01-01 10:01:08,2022/01/01,0.052154288,0.021226827,0.926618934,0.17798956,0.611628377,0.07147243,0.046031624,0.090382405,0.002495603,0.743674673,Neutral,0.19673467
AMAT,WELCOME SONGIE AND PAENGI 😭😭😭🤍🤍🤍 LUCUU AMAT https://t.co/5Ske0h5XX2,2022-01-01 10:01:14,2022/01/01,0.072299704,0.013340347,0.914359987,0.015502894,0.805846491,0.077575111,0.012907144,0.075485633,0.012682726,0.824840849,Neutral,0.19673467
CRWD,Top 5 trending #redditarmy #stocks in the last 4 hours  | Sym |ChtVol | %chg |🚀 🐻 &gt;&gt; | $SPY | 10 | 25.0% | 🚀 | $GME | 8 | 0.0% | 🚀 | $AMC | 5 | 150.0% | 🚀 | $AMZN | 3 | 200.0% | 🚀 | $CRWD | 2 | 100.0% | 🚀  Access wider trends: https://t.co/4Z0lTkVRF9,2022-01-01 10:03:49,2022/01/01,0.040572587,0.104375549,0.855051875,0.005910817,0.377680519,0.030081418,0.569842534,0.016078231,0.000406481,0.361053901,Buy,0.864664717
CRWD,Top 5 trending #redditarmy #stocks in the last 4 hours  | Sym |ChtVol | %chg |🚀 🐻 &gt;&gt; | $SPY | 10 | 25.0% | 🚀 | $GME | 8 | 0.0% | 🚀 | $AMC | 5 | 150.0% | 🚀 | $AMZN | 3 | 200.0% | 🚀 | $CRWD | 2 | 100.0% | 🚀  Access wider trends: https://t.co/4Z0lTkVRF9,2022-01-01 10:03:49,2022/01/01,0.040572587,0.104375549,0.855051875,0.005910817,0.377680519,0.030081418,0.569842534,0.016078231,0.000406481,0.361053901,Buy,0.864664717
BIIB,BREAKING NEWS: $BIIB Futures Inch Higher After Records      https://t.co/GcqJKBfza8      #MWN #Stocks @XBIObserver @lblegend33  $XPEV  via @MarketWN,2022-01-01 10:05:13,2022/01/01,0.874926925,0.07938575,0.045687318,0.023751107,0.09471121,0.289892016,0.552186168,0.038935985,0.000523514,0.675937722,Neutral,0.632120559
CSX,$CSX technical alerts: New 52 Week High and New 52 Week Closing High  https://t.co/slUWn2miSF,2022-01-01 10:08:12,2022/01/01,0.350242734,0.201859862,0.447897375,0.290035319,0.31696894,0.13221479,0.145178354,0.112274765,0.003327832,0.60182839,Neutral,0.19673467
CSX,$CSX technical alerts: New 52 Week High and New 52 Week Closing High  https://t.co/slUWn2miSF,2022-01-01 10:08:12,2022/01/01,0.350242734,0.201859862,0.447897375,0.290035319,0.31696894,0.13221479,0.145178354,0.112274765,0.003327832,0.60182839,Neutral,0.19673467
DDOG,"Year End 2021 Portfolio Return  YTD: +32.14% YTD Hi: 18 Oct 2021 YTD Lo: 13 May 2021  $MNDY  -24.8% $DDOG  -23.5% $CELH —21.3% $UPST —16.6%  $AMPL -4.3% $S         -4.0%  $NET 3.4% $BILL 1.6%  ""The best is yet to come.""  #FinTwit #SaaS #investing https://t.co/4dfyYeDqOt",2022-01-01 10:19:24,2022/01/01,0.092830651,0.038945042,0.868224323,0.009404987,0.558680377,0.028466238,0.385028549,0.017820698,0.00059915,0.598964975,Buy,0.549383891
DDOG,"Year End 2021 Portfolio Return  YTD: +32.14% YTD Hi: 18 Oct 2021 YTD Lo: 13 May 2021  $MNDY  -24.8% $DDOG  -23.5% $CELH —21.3% $UPST —16.6%  $AMPL -4.3% $S         -4.0%  $NET 3.4% $BILL 1.6%  ""The best is yet to come.""  #FinTwit #SaaS #investing https://t.co/4dfyYeDqOt",2022-01-01 10:19:24,2022/01/01,0.092830651,0.038945042,0.868224323,0.009404987,0.558680377,0.028466238,0.385028549,0.017820698,0.00059915,0.598964975,Buy,0.549383891
AZN,Ndo nacheza X BOX😂🎮🎮azn am trying to have wanjiru my ex back,2022-01-01 10:48:43,2022/01/01,0.044793848,0.064107284,0.891098917,0.078890735,0.031429379,0.525036211,0.008893964,0.351966028,0.003783682,0.542675874,Neutral,0.19673467
ASML,The Extreme Engineering of ASML’s EUV Light Source https://t.co/aSRYAvfWte via @YouTube,2022-01-01 10:49:27,2022/01/01,0.071899839,0.013548754,0.914551437,0.310539065,0.576233512,0.056073897,0.031846661,0.020596629,0.004710235,0.509902842,Neutral,0.19673467
ASML,#stocknews Raymond James Financial Services Advisors Inc. Acquires 607 Shares of ASML Holding (NASDAQ:ASML) https://t.co/Lp2Y35dFq7 https://t.co/HhkKr6EmNW https://t.co/RpNwc0KdB0,2022-01-01 11:08:32,2022/01/01,0.079328671,0.013107981,0.907563329,0.274553842,0.568594028,0.07125626,0.050717024,0.033834775,0.00104407,0.60314675,Buy,0.632120559
ASML,The Dutch firm ASML spent $9 billion and 17 years developing a way to keep making denser computer chips. https://t.co/PjgvA9ESUo,2022-01-01 11:13:15,2022/01/01,0.188396513,0.010052142,0.801551282,0.226643233,0.63533221,0.064525624,0.018849045,0.046852535,0.007797354,0.737282231,Hold,0.632120559
BKNG,"Daily Stock SMA strategy trend investing Report: These stocks are trending upwards:  $ATHN, $BKNG, $ABMD These stocks are trending downwards: $REGN  #investing https://t.co/WdnM55F3a0",2022-01-01 11:14:54,2022/01/01,0.035895642,0.071440168,0.892664194,0.020541901,0.580581205,0.05649344,0.318654805,0.022833055,0.000895594,0.672390472,Buy,0.432332358
CSCO,"$RHI, $CSCO and $MDT have a high Dividend Rating, which makes it a good candidate for Dividend Investing. https://t.co/n14Aopqs9r",2022-01-01 11:16:01,2022/01/01,0.25857091,0.008569323,0.73285979,0.225128968,0.709525385,0.025772875,0.014327647,0.018977057,0.006268069,0.73667012,Neutral,0.19673467
ASML,Wenn Sie in Europa in die Zukunft investieren wollen: The Dutch firm ASML spent $9 billion and 17 years developing a way to keep making denser computer chips. https://t.co/uPL9tvcBC3,2022-01-01 11:17:49,2022/01/01,0.173394144,0.010686474,0.81591934,0.233856348,0.621390633,0.078924302,0.030156299,0.030448117,0.005224301,0.666604237,Hold,0.632120559
BIIB,Short sale vol (not short interest) for $SPPI on 2021-12-31 is 65%. https://t.co/fn51x2SBhy $ABT 47% $NVS 24% $SGEN 59% $BIIB 52%,2022-01-01 11:18:01,2022/01/01,0.027201151,0.032436088,0.940362811,0.33204978,0.48855067,0.104815023,0.039021208,0.031917274,0.003646045,0.469077096,Buy,0.549383891
VRTX,"ARK Invest Daily Moves - Jan 1, 2022  Increased: $HOOD, $SQ, $DKNG, $ZM Decreased: $LPSN, $IRDM, $VRTX, $IOVA  See full list → https://t.co/RSAFkSxPKc  Follow for updates on Ark holdings and alts  #ARK #ArkInvest #CathieWood https://t.co/ALIua9g9FA",2022-01-01 11:39:37,2022/01/01,0.127287149,0.252703965,0.620008945,0.020397881,0.286648437,0.13617295,0.421932377,0.134025914,0.000822441,0.553506201,Spam,0.316737644
BIIB,FinTwit laughed when I questioned CMS's acceptability of $BIIB Aduhelm... It's the show-me-the-money time now!  RT  Decision Looms That Could Determine Fate of Alzheimer’s Drug https://t.co/193Xw9g4vN https://t.co/4O6Bm9IAso,2022-01-01 11:41:36,2022/01/01,0.060044952,0.049649145,0.890305877,0.282472255,0.129498377,0.436491704,0.118992202,0.030842288,0.001703174,0.444473496,Neutral,0.632120559
ASML,"RT techreview ""The Dutch firm ASML spent $9 billion and 17 years developing a way to keep making denser computer chips. https://t.co/VXNSlnAIYD""",2022-01-01 11:41:42,2022/01/01,0.350442141,0.00922628,0.640331626,0.33242048,0.501337755,0.096226927,0.021510765,0.037481465,0.011022609,0.6194121,Hold,0.632120559
ADBE,Stock tip of the hour: think about holding ADBE!!!,2022-01-01 11:42:31,2022/01/01,0.030174932,0.052293718,0.917531312,0.205129013,0.229770054,0.487791944,0.038692722,0.019029816,0.019586452,0.588342231,Hold,0.632120559
ADBE,Stock tip of the hour: think about holding ADBE!!!,2022-01-01 11:42:31,2022/01/01,0.030174932,0.052293718,0.917531312,0.205129013,0.229770054,0.487791944,0.038692722,0.019029816,0.019586452,0.588342231,Hold,0.632120559
AAPL,Possible double top on $AAPL daily going into next week for some day trades to the downside if we break support.  https://t.co/c59hgTFBfn,2022-01-01 11:42:57,2022/01/01,0.088280134,0.460190952,0.451528877,0.056676749,0.335391403,0.138575043,0.375044688,0.086381741,0.007930375,0.470378565,Neutral,0.19673467
BKR,Baker Hughes $BKR has released this week's rig counts. Here's the numbers for Friday December 31st &gt; https://t.co/pdGUfyRf6y  $XOM $CVX $APA $RIG $HAL $NBR #oil #naturalgas #stocks #investing #BakerHughes #crudeoil,2022-01-01 11:43:18,2022/01/01,0.019789826,0.081878543,0.898331583,0.00414601,0.400651027,0.080133191,0.485328575,0.028694009,0.00104719,0.415945005,Buy,0.632120559
AVGO,$AVGO update. Reviewed this set up during Dec 20 Zoom meeting https://t.co/x9kwOkywHm,2022-01-01 11:50:13,2022/01/01,0.029777886,0.021271452,0.948950648,0.377077213,0.325658078,0.215157652,0.042466543,0.033734317,0.005906198,0.488069295,Neutral,0.632120559
GOOG,Great Way To Start 2022! #PABook Still #1!   Get your copy here: https://t.co/lFLUpWSZ0p   Learn more: https://t.co/OFtjpgopHA   $QQQ $DIA $SPY $IWM $AAPL $TSLA $GOOG $SPX $MDY #investing #trading #stocks https://t.co/2N2JWafsTU,2022-01-01 11:50:47,2022/01/01,0.068215214,0.021218386,0.91056633,0.015309989,0.608184559,0.029158553,0.331203606,0.015749846,0.000393448,0.561189548,Buy,0.632120559
AZN,$AZN.L: Both the short term and long term trends are positive. This is a very positive sign. https://t.co/DooheAxRnx #ChartMill #AstrazenecaPlc #AZN #LondonStockExchange #TechnicalAnalysis https://t.co/voVHH85hDs,2022-01-01 12:11:03,2022/01/01,0.699780047,0.014373063,0.285846829,0.012476101,0.532226647,0.020685339,0.424247716,0.009510231,0.000853965,0.535540218,Neutral,0.183583
ABNB,Airbnb is one of my top picks going into 2022.   Here's a why: 🧵👇 $ABNB https://t.co/O6bF9ZOlo0,2022-01-01 12:12:20,2022/01/01,0.052900448,0.020175703,0.926923871,0.230035735,0.585941489,0.117642762,0.046462072,0.018458202,0.001459739,0.847184907,Buy,0.632120559
ABNB,Airbnb is one of my top picks going into 2022.   Here's a why: 🧵👇 $ABNB https://t.co/O6bF9ZOlo0,2022-01-01 12:12:20,2022/01/01,0.052900448,0.020175703,0.926923871,0.230035735,0.585941489,0.117642762,0.046462072,0.018458202,0.001459739,0.847184907,Buy,0.632120559
BIIB,Anti-Amyloid Drugs: The Failure Of Success $AVXL $CYTH $BIIB $ESALF $ESALY https://t.co/FH9QzkeSmr,2022-01-01 12:12:46,2022/01/01,0.040738918,0.072760247,0.886500835,0.063581291,0.036551723,0.1242004,0.151939333,0.620682605,0.003044647,0.930806434,Neutral,0.19673467
CSX,@the_coinstox $csx   180 days staking has just started!  See you in July!! :) https://t.co/9L3ABLafMk,2022-01-01 12:13:33,2022/01/01,0.033733301,0.032858003,0.933408678,0.284208395,0.6610773,0.024572072,0.009188453,0.020709125,0.000244655,0.600525833,Neutral,0.19673467
CSX,@the_coinstox $csx   180 days staking has just started!  See you in July!! :) https://t.co/9L3ABLafMk,2022-01-01 12:13:33,2022/01/01,0.033733301,0.032858003,0.933408678,0.284208395,0.6610773,0.024572072,0.009188453,0.020709125,0.000244655,0.600525833,Neutral,0.19673467
AMAT,double shot + americano :) gini amat kalo stress https://t.co/DtXNgOlilQ,2022-01-01 12:14:07,2022/01/01,0.032205384,0.031140883,0.936653733,0.155295803,0.381207259,0.185481325,0.099811978,0.176989016,0.00121462,0.478354371,Neutral,0.19673467
AMAT,CAKEP AMAT https://t.co/Ka3TwKTOX0,2022-01-01 12:19:49,2022/01/01,0.026336728,0.031744145,0.941919088,0.391105176,0.353316206,0.157118453,0.037071027,0.053133612,0.008255525,0.546773244,Neutral,0.19673467
AMAT,"The @IBDinvestors article on IBD50 stocks gives us 5 names that have been coming up in my wkd routine regularly and, except for $AMAT, are not mainstream names (yet).  Some #canslim names to study for 2022:  $DAVA $AVTR $HRMY $WST https://t.co/oTMAtPyRd8",2022-01-01 12:28:53,2022/01/01,0.024820663,0.037908714,0.937270641,0.178429961,0.584665494,0.117404258,0.082433775,0.036052517,0.001013994,0.671661756,Neutral,0.19673467
ASML,"#AEX #beleggen #beurs  TA RD, ASML, ING, Arcelor, Just Eat en de AEX https://t.co/YlUJ5KqDk7",2022-01-01 12:32:36,2022/01/01,0.054702263,0.019811163,0.925486505,0.00598426,0.740699944,0.088767479,0.027580846,0.136645154,0.000322318,0.924979185,Neutral,0.19673467
CTSH,$CTSH has a very good Piotroski-F score of 8.00. This indicates great health and profitability. https://t.co/VKHWznXGAH https://t.co/A6nXqvhbqZ,2022-01-01 12:33:03,2022/01/01,0.8748402,0.010084782,0.115075067,0.162148745,0.808563194,0.010983971,0.003623124,0.011202771,0.003478195,0.876172225,Neutral,0.19673467
AMAT,Cakep amat yang   https://t.co/JYV7Dwwkk1,2022-01-01 12:35:32,2022/01/01,0.027100496,0.044365607,0.928533852,0.182555014,0.607683229,0.116116111,0.044189136,0.047624892,0.001831617,0.814900722,Neutral,0.19673467
COST,What Happened Yesterday in the US Stock Market? | December 31  https://t.co/h0LC9pNCmB  $XPEV $NVAX $F $SRNE $HD $FSLY $PFE $FROG $WMT $PINS $MRNA $JMIA $GM $INO $HMC $PTON $KO $DKNG $COST $ZM   #stockmarket #stocks #investing #trading #business #finance #money,2022-01-01 13:02:54,2022/01/01,0.032059997,0.110183738,0.857756317,0.007069998,0.086279523,0.283531273,0.593519403,0.029067547,0.000532257,0.58467735,Buy,0.632120559
COST,🟡 Just Looking/Day Trading   https://t.co/sbT6rlaQ3E  $PLAY $MMM $BFRI $WTW $EVER $BBBY $MMAT $DSICA $DISCB $JWN $APPN $MRCY $FDX $DRN $ROKU $COST $DWAC $GAP $GPS $MRNA $SNE $MARK $RBLX $SKLZ $KRBP $CHEW $PETZ $MRVL $GRVL $MRMD $PLTR $DVN $BKKT $SPWR $CMG $GDDY $OLED,2022-01-01 13:18:00,2022/01/01,0.385311931,0.061563883,0.553124249,0.197434332,0.497906593,0.144365217,0.088871674,0.065494281,0.005927903,0.726043647,Neutral,0.19673467
COST,🟡 Just Looking/Day Trading   https://t.co/CzLBHjrg2k  $PLAY $MMM $BFRI $WTW $EVER $BBBY $MMAT $DSICA $DISCB $JWN $APPN $MRCY $FDX $DRN $ROKU $COST $DWAC $GAP $GPS $MRNA $SNE $MARK $RBLX $SKLZ $KRBP $CHEW $PETZ $MRVL $GRVL $MRMD $PLTR $DVN $BKKT $SPWR $CMG $GDDY $OLED,2022-01-01 13:23:00,2022/01/01,0.392824709,0.064782515,0.54239279,0.173959476,0.479022765,0.155360582,0.117375761,0.067639734,0.006641682,0.750534998,Neutral,0.19673467
CSX,"New Large-Cap 52 -Week Highs for Dec 31, 2021:  $NEE $93.73 $LIN $346.97 $UNP $253.33 $PLD $169.93 $CCI $209.87 $BNS $71.96 $CSX $37.82 $NSC $299.20 $SO $68.88 $AMX $21.31  Research on https://t.co/jdIQT7KKID",2022-01-01 13:30:01,2022/01/01,0.112604581,0.04154215,0.845853329,0.310714247,0.482807875,0.111479177,0.034361926,0.05724694,0.003389834,0.590424574,Neutral,0.19673467
CSX,"New Large-Cap 52 -Week Highs for Dec 31, 2021:  $NEE $93.73 $LIN $346.97 $UNP $253.33 $PLD $169.93 $CCI $209.87 $BNS $71.96 $CSX $37.82 $NSC $299.20 $SO $68.88 $AMX $21.31  Research on https://t.co/jdIQT7KKID",2022-01-01 13:30:01,2022/01/01,0.112604581,0.04154215,0.845853329,0.310714247,0.482807875,0.111479177,0.034361926,0.05724694,0.003389834,0.590424574,Neutral,0.19673467
COST,$COST upcoming event January 05: December Sales Results. Options expiring on January 07 that cover the event have an implied move of ±2.0% https://t.co/B0jbBDml3q,2022-01-01 13:41:17,2022/01/01,0.03618224,0.106045671,0.857772112,0.423112765,0.31362543,0.089483279,0.126779467,0.040788865,0.006210194,0.505061992,Neutral,0.19673467
CPRT,@buccocapital $IAA and $CPRT,2022-01-01 13:41:42,2022/01/01,0.029748386,0.020066857,0.950184703,0.286725123,0.509406605,0.080501394,0.039598218,0.079664325,0.004104335,0.537571198,Neutral,0.19673467
BIIB,$BIIB Open Interest increases 25.8% on the week to a percentile rank of 88%. Put OI increased by 18.5% vs Call OI of 33.7%.  P/C Ratio is 0.9 https://t.co/68dqvu9s1q,2022-01-01 13:42:51,2022/01/01,0.956294298,0.020583114,0.023122512,0.39050105,0.450429449,0.08363817,0.043251093,0.028885,0.003295238,0.551031929,Buy,0.864664717
CPRT,@buccocapital $cprt and $iaa,2022-01-01 13:43:43,2022/01/01,0.034004815,0.019038826,0.946956336,0.211273056,0.5913651,0.078396906,0.039114417,0.07809223,0.001758291,0.686995429,Neutral,0.19673467
CPRT,@buccocapital $CPRT and $IAA as well as $INTC and $AMD,2022-01-01 13:43:57,2022/01/01,0.033609878,0.015454081,0.950936019,0.250060979,0.512888606,0.065009639,0.04101758,0.124206017,0.00681718,0.573598244,Neutral,0.19673467
AZN,Listen to @conkers3 &amp; @wheeliedealer 65: Wheelie' portfolio $PYPL #SOM #WATR #PETS #FTSE #CLIN #RCH #DDDD #AZN by Twin Petes Investing on #SoundCloud https://t.co/bSNNOoDksC,2022-01-01 13:44:18,2022/01/01,0.045245543,0.025412668,0.929341793,0.005510129,0.44306504,0.048423317,0.489896396,0.012673214,0.000431903,0.455179933,Buy,0.632120559
AMAT,"HEEEEYYYY, GEMOY AMAT https://t.co/AtlrbHLoa8",2022-01-01 13:53:22,2022/01/01,0.039751731,0.022385959,0.937862277,0.107076113,0.751660906,0.083631403,0.023598344,0.030307516,0.003725718,0.946026042,Neutral,0.19673467
GOOG,"2021 FANG+ Performance 🎭 From January 1 👉 December 31 $NVDA $130 - $294 (+127%) $GOOG $1,700 - $2,900 (+70%) $MSFT $220 - $336 (+53%) $AAPL $135 - $177 (+31%) $FB $275 - $336 (+22%) $NFLX $530 - $605 (+14%) $AMZN $3,250 - $3,335 (+2%) $TWTR $54 - $43 (-20%) https://t.co/XZUD6xxZjO",2022-01-01 13:54:27,2022/01/01,0.182681367,0.035825383,0.781493247,0.192507834,0.490429173,0.219398426,0.056691289,0.033959473,0.007013805,0.77547027,Buy,0.858973816
GOOG,$GOOG 12-27-20 posted as the safest stock coming out of Covid for 2 years. Google is still one of the safest picks moving forward. https://t.co/d0f1uJxm2E,2022-01-01 13:57:25,2022/01/01,0.101103194,0.028288148,0.870608687,0.32523289,0.657969601,0.005451242,0.007041052,0.003376358,0.000928858,0.559588574,Buy,0.632120559
GOOG,"House Speaker Nancy Pelosi Loads Call Options In Alphabet, Micron, Roblox, Salesforce And Disney $CRM $DIS $GOOG https://t.co/kk8doICU8C via @benzinga",2022-01-01 13:58:21,2022/01/01,0.061882138,0.027973903,0.910144031,0.418784464,0.194977441,0.254722588,0.099952125,0.030731332,0.000832049,0.448146419,Neutral,0.19673467
BKNG,"@RepLowenthal @Adobe Amount: $1,001 - $15,000 Transaction Date: 2021-12-15 Ticker: $BKNG Company Name: Booking Holdings Inc Company Handle: @BookingHoldings Transaction Type: Full Sale",2022-01-01 14:00:06,2022/01/01,0.020765772,0.02783891,0.951395392,0.171176677,0.387862947,0.299640531,0.071404236,0.068646788,0.001268821,0.701250671,Neutral,0.19673467
GOOG,$GOOG Daily  https://t.co/QrsAUDTYjL https://t.co/le4UyrSXHu,2022-01-01 14:08:17,2022/01/01,0.028794404,0.040528875,0.930676699,0.513621947,0.244131637,0.180759329,0.039648142,0.021520447,0.000318499,0.420497372,Neutral,0.19673467
ADBE,Year 13 on my investing journey. Let's see what 2022 will offer.  Here's a list of equities that ive been holding and planning to build more for the future.  $AAPL $AMZN  $ADBE $BABA $ECL $MSFT $U  $VOO,2022-01-01 14:08:36,2022/01/01,0.061031409,0.013807657,0.925160944,0.125864285,0.721696041,0.033763865,0.07262917,0.042898874,0.003147763,0.857157091,Hold,0.632120559
ADBE,Year 13 on my investing journey. Let's see what 2022 will offer.  Here's a list of equities that ive been holding and planning to build more for the future.  $AAPL $AMZN  $ADBE $BABA $ECL $MSFT $U  $VOO,2022-01-01 14:08:36,2022/01/01,0.061031409,0.013807657,0.925160944,0.125864285,0.721696041,0.033763865,0.07262917,0.042898874,0.003147763,0.857157091,Hold,0.632120559
XEL,"$XEL option volume was 26X normal on Friday with 18,715 contracts. Call volume was 3% and put volume was 97%. https://t.co/vJyeWPlXQB",2022-01-01 14:11:03,2022/01/01,0.033497524,0.062655598,0.90384686,0.469685836,0.410718197,0.054515905,0.035194081,0.025629391,0.004256591,0.485915994,Buy,0.632120559
VRTX,$VRTX open interest for maturity 01/07/2022. High put=155.00 High call=215.00 PutCallRatio=0.31 #maxpain #options https://t.co/ijfD1H9yoC https://t.co/ENJHZ0fFBQ,2022-01-01 14:17:26,2022/01/01,0.028219843,0.037232578,0.934547663,0.030676675,0.494955534,0.236000451,0.084714619,0.152172119,0.001480602,0.529777528,Neutral,0.19673467
CRWD,@Flash_Trading $CRWD  You know we playing puts on this bad boy $BA  $AMC $GME ️ https://t.co/JRRg1abDYt,2022-01-01 14:17:49,2022/01/01,0.045795351,0.038946323,0.915258348,0.036879192,0.242645641,0.518767483,0.095087756,0.106032582,0.000587347,0.413513545,Neutral,0.19673467
CRWD,@Flash_Trading $CRWD  You know we playing puts on this bad boy $BA  $AMC $GME ️ https://t.co/JRRg1abDYt,2022-01-01 14:17:49,2022/01/01,0.045795351,0.038946323,0.915258348,0.036879192,0.242645641,0.518767483,0.095087756,0.106032582,0.000587347,0.413513545,Neutral,0.19673467
GOOGL,Are you bullish on $GOOGL? https://t.co/SquSfiNxjp,2022-01-01 14:20:58,2022/01/01,0.038414728,0.047886316,0.913698971,0.383281214,0.119600886,0.417716292,0.060872178,0.015303414,0.003226017,0.340647559,Neutral,0.19673467
GOOGL,Are you bullish on $GOOGL? https://t.co/SquSfiNxjp,2022-01-01 14:20:58,2022/01/01,0.038414728,0.047886316,0.913698971,0.383281214,0.119600886,0.417716292,0.060872178,0.015303414,0.003226017,0.340647559,Neutral,0.19673467
CDNS,@buccocapital $cdns $snps in the EDA space Xbox and playstation in gaming consoles,2022-01-01 14:21:25,2022/01/01,0.059404802,0.016000822,0.924594343,0.247741113,0.483781471,0.11904726,0.09143852,0.057194128,0.000797508,0.529968949,Neutral,0.19673467
ADP,"Lamar Jackson is currently QB12 in fantasy (QB8 in ppg) despite:  ▪️Missing most of his last 3 games ▪️A horrid stretch between Weeks 10-13 where he was QB20 (Also didn’t play Week 11)  In 2022, his redraft ADP might be at a all-time low… (1/2) https://t.co/oqkbGJLDan",2022-01-01 14:21:41,2022/01/01,0.013380754,0.918057978,0.068561353,0.011783511,0.10018141,0.088086868,0.553576076,0.24403579,0.002336345,0.667992902,Sell,0.632120559
AXON,#BeatTheSpy Portfolio update: End of Dec 2021  2021: +25% Since 1/1/19: +215%  Cash ~2%   Added: $ASND $ARWR $FLGT $HZNP $NARI $NET Initiated: $AXON $LABU Liquidated: $DRNA (buyout) $DCBO $MGNI https://t.co/P3dqaoujzU,2022-01-01 14:26:37,2022/01/01,0.062913634,0.049786642,0.887299716,0.23534514,0.472698431,0.150806162,0.073191906,0.066919562,0.001038798,0.545471927,Neutral,0.332507083
AXON,"@stu_axon @andrew10612 @operabinoculars @ukiswitheu Looking at other comments in this thread, the full, harsh lockdown achieves little apart from imprisoning people and pissing them off - which is what a section of the Tory party will no longer support, at least while it's Boris mandating it.",2022-01-01 14:29:43,2022/01/01,0.022745699,0.662435532,0.31481877,0.005014805,0.013467054,0.856377344,0.085403746,0.038455875,0.001281176,0.963382066,Buy,0.632120559
AMZN,"$TSLA $AMZN $AAPL $FB $NVDA $SPY $QQQ $IWM Always on my daily watch… Perhaps I should exclusively share daily key levels for calls and puts on these core stocks in 2022. You don’t have to trade a lot of names, just focus on the best setups. Like if you would be interested? https://t.co/qv3yFaiVCG",2022-01-01 14:32:45,2022/01/01,0.037894525,0.020203236,0.94190228,0.329646342,0.511126752,0.060964861,0.058170563,0.0325616,0.007529883,0.453318658,Neutral,0.19673467
AAPL,"$TSLA $AMZN $AAPL $FB $NVDA $SPY $QQQ $IWM Always on my daily watch… Perhaps I should exclusively share daily key levels for calls and puts on these core stocks in 2022. You don’t have to trade a lot of names, just focus on the best setups. Like if you would be interested? https://t.co/qv3yFaiVCG",2022-01-01 14:32:45,2022/01/01,0.037894525,0.020203236,0.94190228,0.329646342,0.511126752,0.060964861,0.058170563,0.0325616,0.007529883,0.453318658,Neutral,0.19673467
ADBE,$ADBE #Adobe's chief product officer predicts the 5 biggest tech trends of 2022 https://t.co/vHLSEKLrf7 via @businessinsider @scottbelsky @adobe,2022-01-01 14:40:26,2022/01/01,0.047445007,0.027028181,0.925526738,0.135083621,0.607581951,0.06379068,0.169519591,0.023282307,0.000741849,0.679150066,Neutral,0.19673467
ADBE,$ADBE #Adobe's chief product officer predicts the 5 biggest tech trends of 2022 https://t.co/vHLSEKLrf7 via @businessinsider @scottbelsky @adobe,2022-01-01 14:40:26,2022/01/01,0.047445007,0.027028181,0.925526738,0.135083621,0.607581951,0.06379068,0.169519591,0.023282307,0.000741849,0.679150066,Neutral,0.19673467
DDOG,"$DDOG ascending triangle but its not that clean tbh. Break above dotted line, 200 target. Break below trendline target 165 #StockMarket #Stocks #trading #investing #stockstowatch https://t.co/echqX6fxCS",2022-01-01 14:43:28,2022/01/01,0.048058368,0.034097839,0.917843819,0.006462729,0.354368808,0.060281435,0.545293217,0.032897674,0.000696136,0.375507339,Buy,0.632120559
DDOG,"$DDOG ascending triangle but its not that clean tbh. Break above dotted line, 200 target. Break below trendline target 165 #StockMarket #Stocks #trading #investing #stockstowatch https://t.co/echqX6fxCS",2022-01-01 14:43:28,2022/01/01,0.048058368,0.034097839,0.917843819,0.006462729,0.354368808,0.060281435,0.545293217,0.032897674,0.000696136,0.375507339,Buy,0.632120559
AVGO,Top 10 Holdings: $GOOGL 101% $AMZN 7.8% $FB 5.5% $MELI 5.5% $MSFT 3.9% $AVGO 3.8% $GLOB 36% $TTD 3.3% $UPST 3% $PYPL 2.7%  Other holdings between 1% and 2.5% weight $APPS $LRCX $TSLA $DIS $NVDA $ASML $ETSY $V $KKR $NKE $JPM $ADBE $SE $CI $TTWO $AAPL $TSM,2022-01-01 14:52:11,2022/01/01,0.065980256,0.024401234,0.909618497,0.201617199,0.37536096,0.198127757,0.124582849,0.074296594,0.026014641,0.545862556,Buy,0.997521248
GOOGL,Start from!! https://t.co/aSqy1WVf4C  $aapl  $tsla  $amzn  $fb  $nflx  $amd  $msft  $spy  $btc.x  $baba  $nvda  $nio  $twtr  $dis  $goog  $amc  $snap  $sndl  $gme  $ba  $sq  $ge  $pltr  $plug  $cctv  $doge.x  $bac  $fcel  $eth.x  $zom  $mu  $acb  $f  $googl  $gevo  $spce  $intc https://t.co/sRkTYFFlEI,2022-01-01 14:54:20,2022/01/01,0.438627154,0.031967729,0.529405117,0.138789986,0.433234857,0.235796866,0.11813899,0.070471797,0.003567504,0.653751161,Buy,0.632120559
GOOGL,Start from!! https://t.co/aSqy1WVf4C  $aapl  $tsla  $amzn  $fb  $nflx  $amd  $msft  $spy  $btc.x  $baba  $nvda  $nio  $twtr  $dis  $goog  $amc  $snap  $sndl  $gme  $ba  $sq  $ge  $pltr  $plug  $cctv  $doge.x  $bac  $fcel  $eth.x  $zom  $mu  $acb  $f  $googl  $gevo  $spce  $intc https://t.co/sRkTYFFlEI,2022-01-01 14:54:20,2022/01/01,0.438627154,0.031967729,0.529405117,0.138789986,0.433234857,0.235796866,0.11813899,0.070471797,0.003567504,0.653751161,Buy,0.632120559
DDOG,"#IBD IPO LEADERS $DDOG might get us to sing ""who let the dogs out"" soon $RYAN strong and setting up $EDR hard to trade, wedged it's way to ATHs $HRMY is #IBD The New America article this weekend. Worth watching $OLPX ripped on that right side without any low risk entry setup https://t.co/Misj67cgc3",2022-01-01 14:56:01,2022/01/01,0.260343611,0.018407522,0.721248925,0.115987648,0.295188468,0.320973573,0.154901716,0.112416759,0.000531837,0.372591093,Sell,0.632120559
DDOG,"#IBD IPO LEADERS $DDOG might get us to sing ""who let the dogs out"" soon $RYAN strong and setting up $EDR hard to trade, wedged it's way to ATHs $HRMY is #IBD The New America article this weekend. Worth watching $OLPX ripped on that right side without any low risk entry setup https://t.co/Misj67cgc3",2022-01-01 14:56:01,2022/01/01,0.260343611,0.018407522,0.721248925,0.115987648,0.295188468,0.320973573,0.154901716,0.112416759,0.000531837,0.372591093,Sell,0.632120559
ASML,Don't lose your money before analysis and live support!! https://t.co/aSqy1WVf4C  $amzn $googl $fb $meli  $upst $msft  $ttd  $avgo  $glob $pypl $tsla  $etsy  $lrcx  $apps  $dis  $asml  $se  $kkr  $v  $nke  $adbe  $jpm  $nvda  $sq  $prch  $zdge  $coin  $fvrr  $bx  $crm https://t.co/GrI8PN3Ujq,2022-01-01 14:57:18,2022/01/01,0.048024554,0.069876693,0.882098734,0.123873248,0.426713952,0.256690954,0.102533248,0.087042746,0.003145854,0.740903882,Sell,0.632120559
AVGO,Don't lose your money before analysis and live support!! https://t.co/aSqy1WVf4C  $amzn $googl $fb $meli  $upst $msft  $ttd  $avgo  $glob $pypl $tsla  $etsy  $lrcx  $apps  $dis  $asml  $se  $kkr  $v  $nke  $adbe  $jpm  $nvda  $sq  $prch  $zdge  $coin  $fvrr  $bx  $crm https://t.co/GrI8PN3Ujq,2022-01-01 14:57:18,2022/01/01,0.048024554,0.069876693,0.882098734,0.123873248,0.426713952,0.256690954,0.102533248,0.087042746,0.003145854,0.740903882,Sell,0.632120559
GOOGL,Don't lose your money before analysis and live support!! https://t.co/aSqy1WVf4C  $amzn $googl $fb $meli  $upst $msft  $ttd  $avgo  $glob $pypl $tsla  $etsy  $lrcx  $apps  $dis  $asml  $se  $kkr  $v  $nke  $adbe  $jpm  $nvda  $sq  $prch  $zdge  $coin  $fvrr  $bx  $crm https://t.co/GrI8PN3Ujq,2022-01-01 14:57:18,2022/01/01,0.048024554,0.069876693,0.882098734,0.123873248,0.426713952,0.256690954,0.102533248,0.087042746,0.003145854,0.740903882,Sell,0.632120559
ADBE,Don't lose your money before analysis and live support!! https://t.co/aSqy1WVf4C  $amzn $googl $fb $meli  $upst $msft  $ttd  $avgo  $glob $pypl $tsla  $etsy  $lrcx  $apps  $dis  $asml  $se  $kkr  $v  $nke  $adbe  $jpm  $nvda  $sq  $prch  $zdge  $coin  $fvrr  $bx  $crm https://t.co/GrI8PN3Ujq,2022-01-01 14:57:18,2022/01/01,0.048024554,0.069876693,0.882098734,0.123873248,0.426713952,0.256690954,0.102533248,0.087042746,0.003145854,0.740903882,Sell,0.632120559
GOOGL,Don't lose your money before analysis and live support!! https://t.co/aSqy1WVf4C  $amzn $googl $fb $meli  $upst $msft  $ttd  $avgo  $glob $pypl $tsla  $etsy  $lrcx  $apps  $dis  $asml  $se  $kkr  $v  $nke  $adbe  $jpm  $nvda  $sq  $prch  $zdge  $coin  $fvrr  $bx  $crm https://t.co/GrI8PN3Ujq,2022-01-01 14:57:18,2022/01/01,0.048024554,0.069876693,0.882098734,0.123873248,0.426713952,0.256690954,0.102533248,0.087042746,0.003145854,0.740903882,Sell,0.632120559
ADBE,Don't lose your money before analysis and live support!! https://t.co/aSqy1WVf4C  $amzn $googl $fb $meli  $upst $msft  $ttd  $avgo  $glob $pypl $tsla  $etsy  $lrcx  $apps  $dis  $asml  $se  $kkr  $v  $nke  $adbe  $jpm  $nvda  $sq  $prch  $zdge  $coin  $fvrr  $bx  $crm https://t.co/GrI8PN3Ujq,2022-01-01 14:57:18,2022/01/01,0.048024554,0.069876693,0.882098734,0.123873248,0.426713952,0.256690954,0.102533248,0.087042746,0.003145854,0.740903882,Sell,0.632120559
AMAT,cakep amat https://t.co/I6Qp32IQVy,2022-01-01 15:00:23,2022/01/01,0.028280256,0.02728177,0.94443804,0.30099935,0.506677367,0.117269357,0.028599451,0.042166195,0.00428828,0.643925912,Neutral,0.19673467
AAPL,May you have a prosperous New Year! -The AAPL Team https://t.co/sD1GkhqQj3,2022-01-01 15:02:34,2022/01/01,0.090973534,0.013442853,0.89558357,0.022220155,0.966245841,0.002448015,0.000950416,0.007499747,0.000635825,0.998823607,Neutral,0.19673467
AMAT,rame amat 😭 @tubbirfess @tubirfess https://t.co/icqaBc4zDi,2022-01-01 15:03:24,2022/01/01,0.031169657,0.02617237,0.942658007,0.067533476,0.684407185,0.134125847,0.049898452,0.062849268,0.001185772,0.958933354,Neutral,0.19673467
AMAT,gemes amat babyy!!!!! https://t.co/1OecPO2BgA,2022-01-01 15:05:23,2022/01/01,0.036039121,0.029071962,0.934888959,0.069062199,0.817957815,0.07456611,0.024026469,0.013769675,0.000617732,0.96882553,Neutral,0.19673467
AXON,#NowPlaying AXON-NEURON - Suspicions #ClassicRock Turn on. Tune in. Wig out.  Listen live ... https://t.co/IPVD0FXjqo,2022-01-01 15:06:58,2022/01/01,0.043706328,0.023459522,0.932834148,0.000931438,0.397925484,0.005839001,0.585866937,0.009346711,9.04286E-05,0.337494572,Neutral,0.19673467
AVGO,"INVESTING TRENDS tracked in Size Rotation Report https://t.co/pY03OYbu4n  Large Cap companies have the best Sentiment.  $BLDR, $DRE, $NVDA, $MRVL, and $AVGO lead the pack. #investment #StockReport #stockstowatch https://t.co/EQMSHRbV8U",2022-01-01 15:08:27,2022/01/01,0.114240937,0.014512374,0.871246696,0.015228184,0.558771473,0.033889736,0.369494018,0.022160082,0.000456507,0.559323357,Neutral,0.632120559
AMGN,Amgen Inc current quarter revenue growth YoY of -0.20% ranked 3265 out of 5695 companies in our database.   👉 https://t.co/M2XZuFQEqK $AMGN  🚀🚀🚀🚀🚀 https://t.co/l2clqSV305,2022-01-01 15:12:05,2022/01/01,0.173370436,0.029009307,0.797620237,0.315905527,0.533332158,0.078320926,0.037295936,0.032001572,0.003143881,0.578344872,Sell,0.39346934
CMCSA,Another year of going more passive here. Biggest allocation change I made was increasing bonds from 7-10% through the Vanguard advisor enrollment. Single stock holdings have gotten pretty thin:  5.8% $AMZN 3.9% $CMCSA 3.6% $GOOG 2.4% $BRKB 2.3% $UNP 1.6% $VZ 0.8% $BUR 0.5% $CSX,2022-01-01 15:14:27,2022/01/01,0.214458928,0.107529208,0.678011835,0.255767254,0.122316599,0.148881317,0.070115291,0.374661762,0.028257777,0.432466274,Buy,0.988891003
CSX,Another year of going more passive here. Biggest allocation change I made was increasing bonds from 7-10% through the Vanguard advisor enrollment. Single stock holdings have gotten pretty thin:  5.8% $AMZN 3.9% $CMCSA 3.6% $GOOG 2.4% $BRKB 2.3% $UNP 1.6% $VZ 0.8% $BUR 0.5% $CSX,2022-01-01 15:14:27,2022/01/01,0.214458928,0.107529208,0.678011835,0.255767254,0.122316599,0.148881317,0.070115291,0.374661762,0.028257777,0.432466274,Buy,0.988891003
CSX,Another year of going more passive here. Biggest allocation change I made was increasing bonds from 7-10% through the Vanguard advisor enrollment. Single stock holdings have gotten pretty thin:  5.8% $AMZN 3.9% $CMCSA 3.6% $GOOG 2.4% $BRKB 2.3% $UNP 1.6% $VZ 0.8% $BUR 0.5% $CSX,2022-01-01 15:14:27,2022/01/01,0.214458928,0.107529208,0.678011835,0.255767254,0.122316599,0.148881317,0.070115291,0.374661762,0.028257777,0.432466274,Buy,0.988891003
BIIB,"TrollEvent $BIIB Observation: Not Prediction. All Data As Is: No Claims, Warranties; Data Time Delayed. Best viewed as irrelevant pretty pictures: Entertainment value only. Evaluate BIIB with own Methods. https://t.co/hiaXFadyiV",2022-01-01 15:15:43,2022/01/01,0.021334397,0.046344053,0.932321548,0.165070025,0.026575889,0.174552217,0.081349285,0.530392063,0.022060521,0.578923413,Neutral,0.632120559
BIIB,"TrollEvents $BIIB come from US$ and #Gold based Trolling Nets. Assumptions: Stocks etc with Trend Changes more interesting then those without, Gold a good common denominator value; Pricing in same interesting, times Telling. https://t.co/0j7eUkLx0L",2022-01-01 15:15:59,2022/01/01,0.156968176,0.016745938,0.826285899,0.373349026,0.534286841,0.048401891,0.033352454,0.009297427,0.00131236,0.447590052,Neutral,0.19673467
AAPL,"GM &amp; Happy New Year!  Interesting that in spite of the numerous breadth concerns expressed during 2021 (yes, including me), in the end $RSP did outperform $SPX.  So it was about more than just $AAPL &amp; $MSFT after all. https://t.co/DPLneEit4w",2022-01-01 15:23:27,2022/01/01,0.457264185,0.042685349,0.500050485,0.307167453,0.666300309,0.01118111,0.003662605,0.011140855,0.000547668,0.742521045,Neutral,0.19673467
AXON,Wishing everyone a safe and wonderful New Year! 🥂🎉  #AxonTechnologies #HappyNewYear #NewYear2022 #Welcome2022 #CyberSecurity https://t.co/9mT0JIhWGu,2022-01-01 15:23:43,2022/01/01,0.047421485,0.028867301,0.92371124,0.003651069,0.541888968,0.009864845,0.4374676,0.006876058,0.00025146,0.487043015,Neutral,0.19673467
CRWD,"$GTLB seems to be a bet on the emergence of a holistic platform (vs. best-in-class point solutions) in DevOps.   Are there any recent precedents of a similar dynamic (shift from best-in-class to a suite) in other sectors? Perhaps, $CRWD in cybersecurity? https://t.co/qH5PxfTo5l",2022-01-01 15:25:52,2022/01/01,0.183054581,0.010447389,0.806498051,0.377059767,0.423911592,0.043281044,0.130156728,0.018096486,0.007494383,0.36389644,Buy,0.632120559
CRWD,"$GTLB seems to be a bet on the emergence of a holistic platform (vs. best-in-class point solutions) in DevOps.   Are there any recent precedents of a similar dynamic (shift from best-in-class to a suite) in other sectors? Perhaps, $CRWD in cybersecurity? https://t.co/qH5PxfTo5l",2022-01-01 15:25:52,2022/01/01,0.183054581,0.010447389,0.806498051,0.377059767,0.423911592,0.043281044,0.130156728,0.018096486,0.007494383,0.36389644,Buy,0.632120559
AMZN,"New Year Sale.  https://t.co/jw8CpmpXKZ  Order Flow for only $1,000/month  (Orig price $2K/mo)  Get it while it's cheaper.   #OOTT $TSLA $AAPl $NFLX $GOOGL $AMZN $SPY $QQQ $USO $SMH $NVDA https://t.co/3IEjpXA4dm",2022-01-01 15:26:00,2022/01/01,0.069591425,0.032652337,0.897756219,0.244949481,0.434471868,0.21949019,0.049786485,0.049956886,0.001345089,0.691207768,Neutral,0.19673467
GOOGL,"New Year Sale.  https://t.co/jw8CpmpXKZ  Order Flow for only $1,000/month  (Orig price $2K/mo)  Get it while it's cheaper.   #OOTT $TSLA $AAPl $NFLX $GOOGL $AMZN $SPY $QQQ $USO $SMH $NVDA https://t.co/3IEjpXA4dm",2022-01-01 15:26:00,2022/01/01,0.069591425,0.032652337,0.897756219,0.244949481,0.434471868,0.21949019,0.049786485,0.049956886,0.001345089,0.691207768,Neutral,0.19673467
GOOGL,"New Year Sale.  https://t.co/jw8CpmpXKZ  Order Flow for only $1,000/month  (Orig price $2K/mo)  Get it while it's cheaper.   #OOTT $TSLA $AAPl $NFLX $GOOGL $AMZN $SPY $QQQ $USO $SMH $NVDA https://t.co/3IEjpXA4dm",2022-01-01 15:26:00,2022/01/01,0.069591425,0.032652337,0.897756219,0.244949481,0.434471868,0.21949019,0.049786485,0.049956886,0.001345089,0.691207768,Neutral,0.19673467
AAPL,"Our New Year's Day sale ends tomorrow, take advantage of all AAPL has to offer for every stage in your journey as a physician.   Use code NY2022 for 20% off + additional 15% with Membership  Learn more: https://t.co/fpPxIBFZCy https://t.co/5L55hgxFPp",2022-01-01 15:30:00,2022/01/01,0.101677023,0.010848967,0.887473941,0.140458498,0.738069445,0.053419534,0.044492307,0.020543089,0.003017128,0.895087858,Buy,0.632120559
CSX,🔴🔴  You are invited to test drive TradeIdeas PREMIUM features for 2 weeks!  ‍🙋‍♀️  via ⟶ https://t.co/31AoVqi1aS   📊 $EPD $FCEL $SNDL $PROG $PBTS $IQ $MKD $HL $BKKT $EVFM $CLNE $BKKT $CVS $FCEL $NIO $DIDI $TLRY $CSCO $AMAT $ABBV $PG $CSX $MDLZ $EXC $CERN $JNPR $HUN https://t.co/Nwzbt7NgVw,2022-01-01 15:30:02,2022/01/01,0.124595821,0.011824678,0.863579571,0.176353607,0.731391266,0.058307479,0.017247287,0.015908527,0.000791836,0.86227766,Neutral,0.19673467
CSCO,🔴🔴  You are invited to test drive TradeIdeas PREMIUM features for 2 weeks!  ‍🙋‍♀️  via ⟶ https://t.co/31AoVqi1aS   📊 $EPD $FCEL $SNDL $PROG $PBTS $IQ $MKD $HL $BKKT $EVFM $CLNE $BKKT $CVS $FCEL $NIO $DIDI $TLRY $CSCO $AMAT $ABBV $PG $CSX $MDLZ $EXC $CERN $JNPR $HUN https://t.co/Nwzbt7NgVw,2022-01-01 15:30:02,2022/01/01,0.124595821,0.011824678,0.863579571,0.176353607,0.731391266,0.058307479,0.017247287,0.015908527,0.000791836,0.86227766,Neutral,0.19673467
CSX,🔴🔴  You are invited to test drive TradeIdeas PREMIUM features for 2 weeks!  ‍🙋‍♀️  via ⟶ https://t.co/31AoVqi1aS   📊 $EPD $FCEL $SNDL $PROG $PBTS $IQ $MKD $HL $BKKT $EVFM $CLNE $BKKT $CVS $FCEL $NIO $DIDI $TLRY $CSCO $AMAT $ABBV $PG $CSX $MDLZ $EXC $CERN $JNPR $HUN https://t.co/Nwzbt7NgVw,2022-01-01 15:30:02,2022/01/01,0.124595821,0.011824678,0.863579571,0.176353607,0.731391266,0.058307479,0.017247287,0.015908527,0.000791836,0.86227766,Neutral,0.19673467
AMGN,$AMGN upcoming event January 06: Goldman Sachs 14th Annual Healthcare CEOs Unscripted Conference. Options expiring on January 07 that cover the event have an implied move of ±2.0% https://t.co/Un8yF51mvQ,2022-01-01 15:31:02,2022/01/01,0.027003165,0.073454924,0.899541914,0.389783314,0.13420861,0.147842426,0.272455516,0.050602797,0.005107338,0.364083875,Neutral,0.19673467
GOOG,Long $GOOG $FB  No position in $TWTR honestly i dont mind seeing more ads in Twitter https://t.co/vwrhCYWdGw,2022-01-01 15:32:18,2022/01/01,0.034405973,0.071998179,0.893595874,0.494153897,0.359188182,0.092804309,0.01866664,0.033860604,0.001326369,0.368759427,Spam,0.432332358
ASML,"My ten favorite longer term names for 2022 Uber, Disney, Visa, Apps digital turbine, Asml holdings, Opendoor technologies, digital ocean holdings, twilio, Palantiir and Facebook",2022-01-01 15:33:36,2022/01/01,0.044432856,0.015877524,0.939689577,0.193051871,0.750361582,0.025859897,0.009442636,0.014599175,0.00668484,0.816991451,Buy,0.632120559
ADBE,"At the times of inflation,all you need is to buy companies not effected from it.or best way to say will be more powerful after it.#nvda #AMD $nvda $amd $adbe $crm $twlo",2022-01-01 15:36:12,2022/01/01,0.062597513,0.014809052,0.922593415,0.023905042,0.524499888,0.084863827,0.347110134,0.019175988,0.000445121,0.476988406,Buy,0.632120559
ADBE,"At the times of inflation,all you need is to buy companies not effected from it.or best way to say will be more powerful after it.#nvda #AMD $nvda $amd $adbe $crm $twlo",2022-01-01 15:36:12,2022/01/01,0.062597513,0.014809052,0.922593415,0.023905042,0.524499888,0.084863827,0.347110134,0.019175988,0.000445121,0.476988406,Buy,0.632120559
BIIB,BREAKING NEWS: $BIIB Futures Inch Higher After Records      https://t.co/bOqcOnwakp      #MWN #Stocks @shortvolumes @newsfilterio  $OWLT $XPEV $RBLX  via @MarketWN,2022-01-01 15:38:12,2022/01/01,0.864412844,0.090364389,0.045222793,0.019788449,0.068962242,0.308208703,0.568142243,0.034320789,0.000577574,0.70427636,Neutral,0.632120559
DDOG,$DDOG's in Uptrend: Moving Average Convergence Divergence (MACD) Histogram just turned positive. View odds for this and other indicators: https://t.co/ckudtt7D9I #Datadog https://t.co/dqA3NeGfYt,2022-01-01 15:42:43,2022/01/01,0.150345594,0.032342426,0.817311943,0.315051863,0.49250743,0.062291499,0.110115838,0.018869624,0.001163746,0.50751633,Neutral,0.632120559
DDOG,$DDOG's in Uptrend: Moving Average Convergence Divergence (MACD) Histogram just turned positive. View odds for this and other indicators: https://t.co/ckudtt7D9I #Datadog https://t.co/dqA3NeGfYt,2022-01-01 15:42:43,2022/01/01,0.150345594,0.032342426,0.817311943,0.315051863,0.49250743,0.062291499,0.110115838,0.018869624,0.001163746,0.50751633,Neutral,0.632120559
ABNB,"Portfolio end of December 2021  December -16% YTD -11,5% Since inception (August 2020) 7%  17% $GRVY 16% $SE 13% $U 9% $NVDA 8% $NET 7% $MELI 7% $UPST 6% $DHER 6% $SHOP 5% $ABNB 4% $FB 3% $SQ",2022-01-01 15:47:21,2022/01/01,0.088643886,0.020691505,0.890664637,0.217933799,0.415807072,0.120263393,0.076812787,0.154189487,0.014993461,0.465365387,Buy,0.932817121
ABNB,"Portfolio end of December 2021  December -16% YTD -11,5% Since inception (August 2020) 7%  17% $GRVY 16% $SE 13% $U 9% $NVDA 8% $NET 7% $MELI 7% $UPST 6% $DHER 6% $SHOP 5% $ABNB 4% $FB 3% $SQ",2022-01-01 15:47:21,2022/01/01,0.088643886,0.020691505,0.890664637,0.217933799,0.415807072,0.120263393,0.076812787,0.154189487,0.014993461,0.465365387,Buy,0.932817121
CRWD,31Dec '21 Allocations  $DDOG 31.7% (2.2%) $MNDY 27.5% (2.0%) $SNOW 15.5% (2.1%) $UPST 14.7% (1.1%) $AFRM 7.4% $CRWD 5.9% (4.7%) $ZS 4.3% (2.2%) cash -4.0% call option allocation in parenthesis YTD: +27.7% YTD hi: +109.2% (18Oct) YTD lo: -23.5% (13May)  detailed update coming soon,2022-01-01 15:49:33,2022/01/01,0.036472294,0.029734254,0.933793426,0.29320526,0.521849621,0.070709075,0.028596081,0.080646952,0.004993012,0.489407943,Buy,0.714266045
CRWD,31Dec '21 Allocations  $DDOG 31.7% (2.2%) $MNDY 27.5% (2.0%) $SNOW 15.5% (2.1%) $UPST 14.7% (1.1%) $AFRM 7.4% $CRWD 5.9% (4.7%) $ZS 4.3% (2.2%) cash -4.0% call option allocation in parenthesis YTD: +27.7% YTD hi: +109.2% (18Oct) YTD lo: -23.5% (13May)  detailed update coming soon,2022-01-01 15:49:33,2022/01/01,0.036472294,0.029734254,0.933793426,0.29320526,0.521849621,0.070709075,0.028596081,0.080646952,0.004993012,0.489407943,Buy,0.714266045
ZS,31Dec '21 Allocations  $DDOG 31.7% (2.2%) $MNDY 27.5% (2.0%) $SNOW 15.5% (2.1%) $UPST 14.7% (1.1%) $AFRM 7.4% $CRWD 5.9% (4.7%) $ZS 4.3% (2.2%) cash -4.0% call option allocation in parenthesis YTD: +27.7% YTD hi: +109.2% (18Oct) YTD lo: -23.5% (13May)  detailed update coming soon,2022-01-01 15:49:33,2022/01/01,0.036472294,0.029734254,0.933793426,0.29320526,0.521849621,0.070709075,0.028596081,0.080646952,0.004993012,0.489407943,Buy,0.714266045
